incident_id,timestamp,date,crime_type,attack_method,severity,financial_impact_usd,target_type,location,source_ip_country,system_affected,time_of_day,risk_score
INC-2025-0001,2025-07-08 20:00:00,2025-07-08,Ransomware,Social Engineering,Medium,694167.0,Government,Asia-Pacific,JP,Web Application,Night,31.5
INC-2025-0002,2025-12-10 11:00:00,2025-12-10,Phishing,Brute Force,Low,1769.0,Educational Institution,Africa,CN,Active Directory,Morning,31.5
INC-2025-0003,2025-12-11 16:00:00,2025-12-11,DDoS Attack,Zero-day Exploit,Medium,263795.0,Critical Infrastructure,Latin America,RU,Active Directory,Evening,5.0
INC-2025-0004,2025-05-15 20:00:00,2025-05-15,Data Exfiltration,Spear Phishing Email,Low,578178.0,Financial Service,Europe,BR,Cloud Database,Night,44.1
INC-2025-0005,2025-12-06 14:00:00,2025-12-06,Credential Theft,Zero-day Exploit,Medium,73148.0,Tech Enterprise,Asia-Pacific,US,Active Directory,Afternoon,49.2
INC-2025-0006,2025-04-16 03:00:00,2025-04-16,DDoS Attack,Zero-day Exploit,Medium,245181.0,Educational Institution,Middle East,CN,Identity Provider,Night,58.7
INC-2025-0007,2025-10-31 14:00:00,2025-10-31,Malware Outbreak,Ransomware Binary,Critical,33606.0,E-Commerce,Europe,DE,Identity Provider,Morning,63.3
INC-2025-0008,2025-01-15 12:00:00,2025-01-15,Ransomware,SQL Injection,High,612332.0,Financial Service,North America,IN,Cloud Database,Night,60.5
INC-2025-0009,2025-03-22 07:00:00,2025-03-22,Ransomware,Man-in-the-Middle,Low,186330.0,E-Commerce,Europe,IN,Identity Provider,Morning,48.4
INC-2025-0010,2025-02-02 15:00:00,2025-02-02,Malware Outbreak,Spear Phishing Email,Medium,114569.0,Tech Enterprise,Africa,JP,Web Application,Evening,46.3
INC-2025-0011,2025-08-15 04:00:00,2025-08-15,DDoS Attack,Ransomware Binary,Critical,206664.0,Educational Institution,Asia-Pacific,NL,Identity Provider,Afternoon,51.0
INC-2025-0012,2025-08-29 19:00:00,2025-08-29,Credential Theft,Brute Force,Low,253550.0,E-Commerce,Latin America,DE,Web Application,Evening,46.8
INC-2025-0013,2025-10-11 01:00:00,2025-10-11,Insider Threat,SQL Injection,Critical,429989.0,E-Commerce,Africa,BR,Email Gateway,Afternoon,43.0
INC-2025-0014,2025-07-09 00:00:00,2025-07-09,Credential Theft,Zero-day Exploit,Low,49262.0,,North America,NL,Active Directory,Morning,48.4
INC-2025-0015,2025-05-17 04:00:00,2025-05-17,Financial Fraud,API Key Abuse,Low,141602.0,Tech Enterprise,Asia-Pacific,UK,Cloud Database,Night,18.6
INC-2025-0016,2025-10-22 01:00:00,2025-10-22,Ransomware,Spear Phishing Email,High,264283.0,Government,North America,DE,Cloud Database,Night,78.7
INC-2025-0017,2025-02-23 22:00:00,2025-02-23,Phishing,Spear Phishing Email,Critical,113859.0,Government,Africa,CN,Web Application,Night,72.2
INC-2025-0018,2025-07-22 23:00:00,2025-07-22,Credential Theft,Ransomware Binary,Medium,75467.0,Government,North America,UK,Web Application,Night,31.1
INC-2025-0019,2025-04-07 08:00:00,2025-04-07,Data Exfiltration,Ransomware Binary,High,72671.0,E-Commerce,Asia-Pacific,BR,Active Directory,Evening,50.1
INC-2025-0020,2025-05-28 06:00:00,2025-05-28,Phishing,Zero-day Exploit,Medium,107642.0,Critical Infrastructure,North America,US,Identity Provider,Night,26.5
INC-2025-0021,2025-05-31 09:00:00,2025-05-31,Phishing,SQL Injection,High,113561.0,Healthcare,North America,BR,Active Directory,Morning,77.2
INC-2025-0022,2025-02-06 22:00:00,2025-02-06,Phishing,Man-in-the-Middle,Critical,21932.0,Financial Service,North America,RU,POS Terminal,Night,46.5
INC-2025-0023,2025-04-26 10:00:00,2025-04-26,Financial Fraud,SQL Injection,Critical,326184.0,Educational Institution,North America,RU,Cloud Database,Morning,77.8
INC-2025-0024,2025-06-12 15:00:00,2025-06-12,Ransomware,Ransomware Binary,High,52869.0,E-Commerce,North America,BR,Cloud Database,Night,91.8
INC-2025-0025,2025-05-15 02:00:00,2025-05-15,Phishing,Social Engineering,Low,59871.0,Critical Infrastructure,Asia-Pacific,RU,Email Gateway,Evening,47.3
INC-2025-0026,2025-02-20 21:00:00,2025-02-20,Ransomware,Ransomware Binary,Critical,184508.0,Government,Asia-Pacific,CN,Web Application,Afternoon,93.5
INC-2025-0027,2025-11-13 15:00:00,2025-11-13,DDoS Attack,API Key Abuse,Medium,230732.0,Critical Infrastructure,Africa,DE,Email Gateway,Evening,18.9
INC-2025-0028,2025-06-30 02:00:00,2025-06-30,Insider Threat,Social Engineering,Critical,181373.0,Critical Infrastructure,North America,BR,Web Application,Morning,72.2
INC-2025-0029,2025-10-08 09:00:00,2025-10-08,Phishing,Spear Phishing Email,Medium,27641.0,Educational Institution,Europe,UK,Identity Provider,Evening,37.6
INC-2025-0030,2025-10-26 21:00:00,2025-10-26,Credential Theft,Zero-day Exploit,Medium,163823.0,Tech Enterprise,Middle East,CA,Identity Provider,Evening,40.8
INC-2025-0031,2025-11-09 03:00:00,2025-11-09,Ransomware,Man-in-the-Middle,Critical,530761.0,Educational Institution,Africa,RU,Active Directory,Afternoon,73.6
INC-2025-0032,2025-06-02 21:00:00,2025-06-02,Phishing,API Key Abuse,Medium,119834.0,Healthcare,Europe,UK,Cloud Database,Night,52.0
INC-2025-0033,2025-04-11 00:00:00,2025-04-11,Phishing,API Key Abuse,Medium,69027.0,Critical Infrastructure,Middle East,IN,Active Directory,Afternoon,26.9
INC-2025-0034,2025-11-07 07:00:00,2025-11-07,Phishing,SQL Injection,Medium,81738.0,Critical Infrastructure,Middle East,CN,Active Directory,Afternoon,46.7
INC-2025-0035,2025-04-02 22:00:00,2025-04-02,Ransomware,Spear Phishing Email,High,784994.0,Educational Institution,North America,DE,Cloud Database,Afternoon,54.0
INC-2025-0036,2025-04-28 15:00:00,2025-04-28,Malware Outbreak,API Key Abuse,Low,8805.0,Financial Service,Middle East,DE,Cloud Database,Night,26.3
INC-2025-0037,2025-12-15 22:00:00,2025-12-15,Credential Theft,Man-in-the-Middle,High,118429.0,Government,Middle East,UK,Cloud Database,Morning,66.3
INC-2025-0038,2025-08-26 19:00:00,2025-08-26,Phishing,Social Engineering,Low,52293.0,E-Commerce,Latin America,CA,Identity Provider,Night,26.1
INC-2025-0039,2025-12-23 22:00:00,2025-12-23,Financial Fraud,SQL Injection,Low,64101.0,Healthcare,Europe,RU,Identity Provider,Night,30.1
INC-2025-0040,2025-10-07 15:00:00,2025-10-07,Financial Fraud,Social Engineering,High,32663.0,Tech Enterprise,Europe,US,Active Directory,Night,72.9
INC-2025-0041,2025-02-02 00:00:00,2025-02-02,DDoS Attack,SQL Injection,High,16938.0,Critical Infrastructure,Asia-Pacific,US,Cloud Database,Night,72.2
INC-2025-0042,2025-04-05 13:00:00,2025-04-05,Malware Outbreak,SQL Injection,Low,87027.0,Healthcare,Middle East,RU,Identity Provider,Evening,42.0
INC-2025-0043,2025-03-31 01:00:00,2025-03-31,Ransomware,Zero-day Exploit,High,688873.0,Healthcare,Middle East,CN,Web Application,Evening,64.6
INC-2025-0044,2025-09-06 03:00:00,2025-09-06,Financial Fraud,SQL Injection,Medium,225156.0,Healthcare,Middle East,NL,POS Terminal,Morning,9.3
INC-2025-0045,2025-04-06 23:00:00,2025-04-06,Insider Threat,SQL Injection,High,246582.0,Critical Infrastructure,North America,IN,Web Application,Evening,67.7
INC-2025-0046,2025-03-03 19:00:00,2025-03-03,Insider Threat,Spear Phishing Email,High,684736.0,Financial Service,Africa,RU,Cloud Database,Night,81.1
INC-2025-0047,2025-10-11 13:00:00,2025-10-11,Phishing,Spear Phishing Email,High,70896.0,Healthcare,Middle East,DE,POS Terminal,Night,62.0
INC-2025-0048,2025-05-31 15:00:00,2025-05-31,Ransomware,Brute Force,High,692612.0,Financial Service,Middle East,DE,Identity Provider,Afternoon,95.4
INC-2025-0049,2025-08-03 10:00:00,2025-08-03,Phishing,API Key Abuse,Low,24714.0,Financial Service,Middle East,UK,Email Gateway,Morning,48.3
INC-2025-0050,2025-07-13 04:00:00,2025-07-13,Phishing,Spear Phishing Email,High,20065.0,E-Commerce,Middle East,UK,POS Terminal,Night,72.4
INC-2025-0051,2025-11-23 12:00:00,2025-11-23,Ransomware,Spear Phishing Email,Critical,535008.0,Tech Enterprise,Asia-Pacific,UK,POS Terminal,Afternoon,55.0
INC-2025-0052,2025-05-21 17:00:00,2025-05-21,Malware Outbreak,API Key Abuse,Medium,87188.0,Critical Infrastructure,Africa,CA,Active Directory,Night,55.4
INC-2025-0053,2025-12-14 16:00:00,2025-12-14,Insider Threat,API Key Abuse,High,613586.0,E-Commerce,Africa,CA,Active Directory,Morning,65.9
INC-2025-0054,2025-08-01 10:00:00,2025-08-01,Data Exfiltration,Social Engineering,High,536261.0,Critical Infrastructure,Middle East,BR,POS Terminal,Evening,52.3
INC-2025-0055,2025-01-14 14:00:00,2025-01-14,Data Exfiltration,Zero-day Exploit,Medium,102528.0,Educational Institution,Asia-Pacific,IN,Cloud Database,Evening,67.3
INC-2025-0056,2025-06-05 20:00:00,2025-06-05,Ransomware,Man-in-the-Middle,Medium,438043.0,Healthcare,Latin America,BR,Identity Provider,Night,23.5
INC-2025-0057,2025-08-16 21:00:00,2025-08-16,Ransomware,Zero-day Exploit,High,177016.0,E-Commerce,Middle East,RU,Web Application,Afternoon,90.9
INC-2025-0058,2025-01-10 23:00:00,2025-01-10,Malware Outbreak,Man-in-the-Middle,Medium,76672.0,Educational Institution,Europe,DE,Cloud Database,Afternoon,12.6
INC-2025-0059,2025-12-07 21:00:00,2025-12-07,Financial Fraud,Man-in-the-Middle,Critical,133778.0,Financial Service,Europe,NL,POS Terminal,Evening,68.9
INC-2025-0060,2025-07-16 04:00:00,2025-07-16,Ransomware,Man-in-the-Middle,Medium,324907.0,Educational Institution,Asia-Pacific,DE,Web Application,Morning,53.5
INC-2025-0061,2025-03-19 08:00:00,2025-03-19,Malware Outbreak,Zero-day Exploit,Medium,114748.0,Financial Service,Europe,JP,Identity Provider,Afternoon,14.5
INC-2025-0062,2025-09-25 00:00:00,2025-09-25,Credential Theft,Ransomware Binary,High,168121.0,Educational Institution,Latin America,DE,Email Gateway,Afternoon,73.0
INC-2025-0063,2025-07-26 04:00:00,2025-07-26,Financial Fraud,Spear Phishing Email,Low,20254.0,Government,Africa,CN,Email Gateway,Afternoon,57.3
INC-2025-0064,2025-11-04 05:00:00,2025-11-04,DDoS Attack,Ransomware Binary,High,261434.0,Financial Service,Latin America,IN,Identity Provider,Evening,78.2
INC-2025-0065,2025-11-26 16:00:00,2025-11-26,DDoS Attack,Social Engineering,Low,322623.0,Healthcare,Africa,DE,Identity Provider,Morning,30.8
INC-2025-0066,2025-04-21 22:00:00,2025-04-21,Phishing,Brute Force,Low,117594.0,Tech Enterprise,Asia-Pacific,UK,Active Directory,Night,10.0
INC-2025-0067,2025-06-09 17:00:00,2025-06-09,DDoS Attack,Spear Phishing Email,Critical,336868.0,E-Commerce,Middle East,CN,Active Directory,Afternoon,44.5
INC-2025-0068,2025-01-12 13:00:00,2025-01-12,Phishing,Social Engineering,Medium,105680.0,Healthcare,North America,CA,Web Application,Evening,42.6
INC-2025-0069,2025-08-27 23:00:00,2025-08-27,Phishing,Spear Phishing Email,Medium,44221.0,Financial Service,North America,RU,Web Application,Night,33.3
INC-2025-0070,2025-01-28 22:00:00,2025-01-28,Phishing,API Key Abuse,Critical,9717.0,Educational Institution,Europe,CA,Email Gateway,Evening,61.7
INC-2025-0071,2025-08-27 12:00:00,2025-08-27,Ransomware,API Key Abuse,Critical,498874.0,Government,North America,IN,Web Application,Night,59.6
INC-2025-0072,2025-05-06 11:00:00,2025-05-06,Phishing,Spear Phishing Email,High,7229.0,Financial Service,North America,BR,Cloud Database,Night,78.5
INC-2025-0073,2025-08-16 14:00:00,2025-08-16,Ransomware,Spear Phishing Email,High,76734.0,Financial Service,Latin America,RU,Identity Provider,Morning,71.0
INC-2025-0074,2025-11-11 12:00:00,2025-11-11,Ransomware,SQL Injection,High,649991.0,Educational Institution,Middle East,NL,Cloud Database,Morning,89.7
INC-2025-0075,2025-01-04 10:00:00,2025-01-04,Phishing,Ransomware Binary,Medium,73303.0,Government,Latin America,UK,Email Gateway,Morning,37.6
INC-2025-0076,2025-07-13 14:00:00,2025-07-13,Credential Theft,Ransomware Binary,High,239936.0,Government,Europe,RU,Web Application,Night,78.6
INC-2025-0077,2025-07-31 00:00:00,2025-07-31,Phishing,Zero-day Exploit,Medium,92922.0,Financial Service,Europe,UK,Web Application,Afternoon,38.2
INC-2025-0078,2025-06-10 05:00:00,2025-06-10,Phishing,SQL Injection,Medium,48362.0,Healthcare,Europe,DE,Identity Provider,Night,60.6
INC-2025-0079,2025-11-15 04:00:00,2025-11-15,Phishing,Man-in-the-Middle,High,9512.0,Government,Africa,US,Web Application,Afternoon,100.0
INC-2025-0080,2025-05-17 01:00:00,2025-05-17,Insider Threat,Zero-day Exploit,Medium,713927.0,Critical Infrastructure,Asia-Pacific,RU,Cloud Database,Night,25.9
INC-2025-0081,2025-09-24 08:00:00,2025-09-24,Insider Threat,SQL Injection,Critical,582295.0,Government,Middle East,DE,Web Application,Evening,76.4
INC-2025-0082,2025-08-25 09:00:00,2025-08-25,DDoS Attack,Zero-day Exploit,Critical,153056.0,Financial Service,Europe,JP,Email Gateway,Night,74.6
INC-2025-0083,2025-05-23 00:00:00,2025-05-23,Credential Theft,Ransomware Binary,Medium,107974.0,Tech Enterprise,Europe,DE,POS Terminal,Evening,39.9
INC-2025-0084,2025-02-11 19:00:00,2025-02-11,Phishing,Ransomware Binary,Medium,84122.0,Tech Enterprise,Middle East,US,Active Directory,Afternoon,31.7
INC-2025-0085,2025-04-07 04:00:00,2025-04-07,Malware Outbreak,SQL Injection,Critical,98720.0,Critical Infrastructure,Africa,CN,Identity Provider,Morning,57.5
INC-2025-0086,2025-10-30 03:00:00,2025-10-30,Financial Fraud,Spear Phishing Email,Low,159782.0,E-Commerce,Latin America,JP,Web Application,Night,40.8
INC-2025-0087,2025-05-10 18:00:00,2025-05-10,Phishing,API Key Abuse,Medium,4756.0,Government,Asia-Pacific,DE,Active Directory,Evening,41.2
INC-2025-0088,2025-10-30 13:00:00,2025-10-30,Data Exfiltration,Man-in-the-Middle,High,105318.0,Government,Latin America,CA,Web Application,Night,93.2
INC-2025-0089,2025-11-12 10:00:00,2025-11-12,Credential Theft,Spear Phishing Email,Medium,96751.0,Critical Infrastructure,Middle East,JP,Web Application,Night,36.6
INC-2025-0090,2025-02-20 13:00:00,2025-02-20,DDoS Attack,Spear Phishing Email,High,114945.0,Financial Service,Africa,IN,Cloud Database,Afternoon,75.9
INC-2025-0091,2025-11-09 00:00:00,2025-11-09,Phishing,Zero-day Exploit,High,118718.0,Tech Enterprise,Middle East,NL,Web Application,Morning,65.8
INC-2025-0092,2025-10-18 19:00:00,2025-10-18,Phishing,Spear Phishing Email,Low,14224.0,Financial Service,Europe,UK,Identity Provider,Evening,51.4
INC-2025-0093,2025-12-30 18:00:00,2025-12-30,Ransomware,Zero-day Exploit,Critical,712143.0,Critical Infrastructure,Africa,DE,Cloud Database,Morning,72.1
INC-2025-0094,2025-02-18 06:00:00,2025-02-18,Financial Fraud,Brute Force,High,146467.0,Financial Service,Latin America,NL,Cloud Database,Night,42.1
INC-2025-0095,2025-02-18 06:00:00,2025-02-18,Credential Theft,SQL Injection,Medium,67823.0,Tech Enterprise,Asia-Pacific,JP,POS Terminal,Afternoon,24.8
INC-2025-0096,2025-10-13 15:00:00,2025-10-13,Phishing,Social Engineering,Medium,43460.0,Government,Europe,US,Email Gateway,Evening,37.2
INC-2025-0097,2025-04-24 05:00:00,2025-04-24,Credential Theft,Zero-day Exploit,Medium,43000.0,E-Commerce,Asia-Pacific,CA,Identity Provider,Evening,29.7
INC-2025-0098,2025-10-15 17:00:00,2025-10-15,DDoS Attack,SQL Injection,High,218046.0,Tech Enterprise,Middle East,JP,Cloud Database,Morning,68.6
INC-2025-0099,2025-11-24 21:00:00,2025-11-24,Phishing,Man-in-the-Middle,Low,64230.0,Government,North America,JP,Identity Provider,Evening,47.2
INC-2025-0100,2025-06-14 21:00:00,2025-06-14,Phishing,Ransomware Binary,Medium,114453.0,E-Commerce,Africa,IN,Identity Provider,Evening,6.8
INC-2025-0101,2025-04-22 18:00:00,2025-04-22,DDoS Attack,Spear Phishing Email,Medium,189466.0,Healthcare,North America,DE,Active Directory,Evening,10.0
INC-2025-0102,2025-01-20 04:00:00,2025-01-20,Ransomware,Zero-day Exploit,High,257990.0,E-Commerce,Africa,NL,Identity Provider,Morning,91.5
INC-2025-0103,2025-06-07 23:00:00,2025-06-07,Ransomware,SQL Injection,Critical,306713.0,Financial Service,Europe,RU,Cloud Database,Afternoon,64.7
INC-2025-0104,2025-07-20 21:00:00,2025-07-20,Insider Threat,Zero-day Exploit,High,372918.0,Educational Institution,Asia-Pacific,BR,Identity Provider,Afternoon,70.0
INC-2025-0105,2025-11-22 17:00:00,2025-11-22,Malware Outbreak,Zero-day Exploit,Low,82994.0,Financial Service,Africa,CN,Cloud Database,Morning,55.2
INC-2025-0106,2025-12-28 21:00:00,2025-12-28,DDoS Attack,Zero-day Exploit,High,53756.0,E-Commerce,Asia-Pacific,NL,Email Gateway,Evening,66.9
INC-2025-0107,2025-06-22 16:00:00,2025-06-22,DDoS Attack,SQL Injection,High,52924.0,Healthcare,Africa,CN,Active Directory,Afternoon,37.4
INC-2025-0108,2025-05-29 10:00:00,2025-05-29,Insider Threat,Brute Force,Medium,627564.0,Government,Latin America,US,POS Terminal,Evening,15.8
INC-2025-0109,2025-03-10 23:00:00,2025-03-10,DDoS Attack,Ransomware Binary,Medium,271997.0,Government,North America,CN,Cloud Database,Afternoon,44.1
INC-2025-0110,2025-05-09 10:00:00,2025-05-09,Credential Theft,Spear Phishing Email,Low,173976.0,Healthcare,North America,IN,POS Terminal,Evening,12.2
INC-2025-0111,2025-04-12 01:00:00,2025-04-12,Phishing,SQL Injection,Medium,86469.0,Government,Asia-Pacific,US,Web Application,Morning,30.4
INC-2025-0112,2025-11-14 15:00:00,2025-11-14,Data Exfiltration,API Key Abuse,High,201563.0,Government,Middle East,US,Web Application,Afternoon,55.1
INC-2025-0113,2025-09-25 14:00:00,2025-09-25,DDoS Attack,Man-in-the-Middle,Medium,198624.0,Healthcare,Europe,IN,Cloud Database,Evening,30.8
INC-2025-0114,2025-12-01 20:00:00,2025-12-01,Credential Theft,Ransomware Binary,Critical,49813.0,Tech Enterprise,North America,RU,Identity Provider,Evening,66.8
INC-2025-0115,2025-04-13 16:00:00,2025-04-13,Malware Outbreak,Zero-day Exploit,High,52571.0,Critical Infrastructure,Latin America,CN,POS Terminal,Morning,45.9
INC-2025-0116,2025-02-08 14:00:00,2025-02-08,Credential Theft,Zero-day Exploit,High,214259.0,Financial Service,Latin America,UK,Cloud Database,Morning,86.2
INC-2025-0117,2025-11-07 02:00:00,2025-11-07,DDoS Attack,Man-in-the-Middle,Medium,342003.0,Government,Asia-Pacific,IN,Email Gateway,Night,36.2
INC-2025-0118,2025-08-24 15:00:00,2025-08-24,Phishing,Spear Phishing Email,Medium,74972.0,Critical Infrastructure,North America,CA,Email Gateway,Morning,51.0
INC-2025-0119,2025-06-26 02:00:00,2025-06-26,Ransomware,SQL Injection,Critical,82733.0,Healthcare,Latin America,CN,Email Gateway,Morning,37.1
INC-2025-0120,2025-03-14 14:00:00,2025-03-14,Phishing,Spear Phishing Email,Critical,113590.0,Financial Service,North America,JP,Active Directory,Night,60.5
INC-2025-0121,2025-07-17 06:00:00,2025-07-17,Data Exfiltration,Social Engineering,Critical,288506.0,Financial Service,Latin America,BR,POS Terminal,Night,99.6
INC-2025-0122,2025-11-26 10:00:00,2025-11-26,Malware Outbreak,API Key Abuse,Low,65754.0,Healthcare,North America,CA,Cloud Database,Morning,25.0
INC-2025-0123,2025-02-16 22:00:00,2025-02-16,Data Exfiltration,Man-in-the-Middle,High,648069.0,Educational Institution,North America,JP,POS Terminal,Night,86.3
INC-2025-0124,2025-11-25 03:00:00,2025-11-25,Credential Theft,Social Engineering,Medium,327648.0,Educational Institution,Middle East,CN,POS Terminal,Morning,26.4
INC-2025-0125,2025-07-14 01:00:00,2025-07-14,Ransomware,Brute Force,Medium,377304.0,Financial Service,Middle East,CN,Active Directory,Evening,39.3
INC-2025-0126,2025-02-06 15:00:00,2025-02-06,Phishing,Brute Force,High,113217.0,E-Commerce,Latin America,DE,Web Application,Morning,70.0
INC-2025-0127,2025-04-25 02:00:00,2025-04-25,Phishing,Social Engineering,Medium,3396.0,Government,Middle East,US,Email Gateway,Night,54.9
INC-2025-0128,2025-12-29 12:00:00,2025-12-29,Financial Fraud,Man-in-the-Middle,Medium,110228.0,Financial Service,Middle East,CA,Active Directory,Evening,18.0
INC-2025-0129,2025-02-14 18:00:00,2025-02-14,DDoS Attack,SQL Injection,Low,53874.0,Tech Enterprise,Europe,BR,Identity Provider,Afternoon,26.9
INC-2025-0130,2025-01-13 13:00:00,2025-01-13,Insider Threat,SQL Injection,Low,792623.0,Government,North America,NL,Cloud Database,Night,44.6
INC-2025-0131,2025-06-12 15:00:00,2025-06-12,Ransomware,SQL Injection,Low,375996.0,Healthcare,North America,CN,Active Directory,Night,39.0
INC-2025-0132,2025-12-18 03:00:00,2025-12-18,Phishing,Social Engineering,Low,14507.0,Healthcare,Latin America,US,Active Directory,Afternoon,29.0
INC-2025-0133,2025-04-30 17:00:00,2025-04-30,Insider Threat,Ransomware Binary,High,333097.0,Tech Enterprise,Middle East,US,Email Gateway,Evening,70.5
INC-2025-0134,2025-01-26 01:00:00,2025-01-26,Credential Theft,Brute Force,Medium,232286.0,Educational Institution,Europe,BR,Cloud Database,Evening,27.1
INC-2025-0135,2025-03-16 19:00:00,2025-03-16,Credential Theft,API Key Abuse,Medium,343076.0,Critical Infrastructure,Africa,RU,Cloud Database,Afternoon,42.0
INC-2025-0136,2025-12-23 19:00:00,2025-12-23,Phishing,SQL Injection,High,40214.0,Educational Institution,Asia-Pacific,NL,Web Application,Evening,73.7
INC-2025-0137,2025-11-16 16:00:00,2025-11-16,Ransomware,Zero-day Exploit,Critical,753650.0,Tech Enterprise,Latin America,JP,Active Directory,Afternoon,46.2
INC-2025-0138,2025-01-27 13:00:00,2025-01-27,Phishing,Social Engineering,High,75318.0,Healthcare,Latin America,IN,POS Terminal,Morning,86.7
INC-2025-0139,2025-02-15 14:00:00,2025-02-15,Phishing,Social Engineering,Critical,54625.0,Financial Service,Africa,BR,Active Directory,Morning,49.5
INC-2025-0140,2025-04-27 01:00:00,2025-04-27,Phishing,Spear Phishing Email,Low,6109.0,Government,Middle East,US,Web Application,Afternoon,34.3
INC-2025-0141,2025-06-15 10:00:00,2025-06-15,DDoS Attack,Zero-day Exploit,Medium,198118.0,Educational Institution,North America,JP,POS Terminal,Afternoon,46.8
INC-2025-0142,2025-02-15 14:00:00,2025-02-15,Insider Threat,Spear Phishing Email,High,437960.0,Educational Institution,Africa,BR,Cloud Database,Afternoon,71.4
INC-2025-0143,2025-08-13 00:00:00,2025-08-13,Insider Threat,Zero-day Exploit,High,623441.0,Tech Enterprise,Europe,UK,Identity Provider,Afternoon,57.9
INC-2025-0144,2025-11-01 07:00:00,2025-11-01,DDoS Attack,API Key Abuse,Medium,14078.0,Government,Middle East,RU,POS Terminal,Afternoon,51.1
INC-2025-0145,2025-02-10 17:00:00,2025-02-10,DDoS Attack,Spear Phishing Email,Low,162087.0,Tech Enterprise,Asia-Pacific,IN,POS Terminal,Night,54.0
INC-2025-0146,2025-01-03 08:00:00,2025-01-03,Credential Theft,Ransomware Binary,High,210209.0,Critical Infrastructure,Europe,CN,Email Gateway,Night,73.4
INC-2025-0147,2025-05-02 18:00:00,2025-05-02,Phishing,Social Engineering,Medium,84186.0,Tech Enterprise,Asia-Pacific,CN,Email Gateway,Afternoon,42.8
INC-2025-0148,2025-02-28 02:00:00,2025-02-28,DDoS Attack,Social Engineering,Critical,270064.0,Critical Infrastructure,Europe,RU,POS Terminal,Morning,56.4
INC-2025-0149,2025-11-01 20:00:00,2025-11-01,Phishing,API Key Abuse,Low,31027.0,Critical Infrastructure,Middle East,BR,Active Directory,Night,49.0
INC-2025-0150,2025-04-06 08:00:00,2025-04-06,Insider Threat,SQL Injection,Low,428544.0,Critical Infrastructure,Europe,DE,Identity Provider,Night,48.1
INC-2025-0151,2025-07-05 21:00:00,2025-07-05,DDoS Attack,API Key Abuse,Critical,296570.0,Healthcare,Middle East,US,POS Terminal,Afternoon,45.8
INC-2025-0152,2025-11-30 01:00:00,2025-11-30,Insider Threat,Man-in-the-Middle,High,247133.0,Tech Enterprise,Middle East,DE,Email Gateway,Morning,41.8
INC-2025-0153,2025-08-19 19:00:00,2025-08-19,Credential Theft,Ransomware Binary,Critical,103317.0,Government,North America,NL,Active Directory,Afternoon,47.7
INC-2025-0154,2025-06-13 12:00:00,2025-06-13,Financial Fraud,Social Engineering,Medium,157999.0,Tech Enterprise,Asia-Pacific,CA,POS Terminal,Afternoon,39.8
INC-2025-0155,2025-12-16 08:00:00,2025-12-16,Phishing,Zero-day Exploit,Medium,77619.0,Government,Latin America,US,Cloud Database,Night,11.7
INC-2025-0156,2025-06-24 04:00:00,2025-06-24,Ransomware,SQL Injection,Low,367348.0,Critical Infrastructure,Middle East,US,Cloud Database,Night,28.6
INC-2025-0157,2025-04-18 19:00:00,2025-04-18,Financial Fraud,SQL Injection,Critical,154381.0,Tech Enterprise,Middle East,BR,Identity Provider,Morning,63.9
INC-2025-0158,2025-02-28 04:00:00,2025-02-28,DDoS Attack,Brute Force,Medium,164476.0,Financial Service,North America,RU,Email Gateway,Night,34.4
INC-2025-0159,2025-10-26 01:00:00,2025-10-26,Phishing,Social Engineering,Medium,104674.0,Government,Europe,IN,Active Directory,Afternoon,11.8
INC-2025-0160,2025-12-02 17:00:00,2025-12-02,Phishing,Man-in-the-Middle,Low,79131.0,Healthcare,Latin America,IN,Identity Provider,Morning,42.6
INC-2025-0161,2025-01-05 14:00:00,2025-01-05,Phishing,Man-in-the-Middle,Low,14669.0,Tech Enterprise,Europe,CA,Email Gateway,Afternoon,43.2
INC-2025-0162,2025-03-17 07:00:00,2025-03-17,Phishing,Zero-day Exploit,High,97999.0,Financial Service,Africa,BR,Cloud Database,Morning,51.2
INC-2025-0163,2025-03-10 08:00:00,2025-03-10,Phishing,Man-in-the-Middle,High,43287.0,Healthcare,Africa,NL,Cloud Database,Morning,69.5
INC-2025-0164,2025-06-08 08:00:00,2025-06-08,Data Exfiltration,Social Engineering,Critical,572828.0,Government,Latin America,CN,Web Application,Afternoon,53.7
INC-2025-0165,2025-03-23 12:00:00,2025-03-23,Ransomware,Ransomware Binary,High,86321.0,Government,North America,JP,Email Gateway,Afternoon,60.5
INC-2025-0166,2025-07-18 14:00:00,2025-07-18,DDoS Attack,Social Engineering,Medium,32723.0,E-Commerce,Asia-Pacific,NL,Cloud Database,Morning,55.6
INC-2025-0167,2025-09-24 02:00:00,2025-09-24,Credential Theft,Brute Force,Medium,330593.0,Healthcare,Africa,NL,POS Terminal,Morning,41.8
INC-2025-0168,2025-04-27 11:00:00,2025-04-27,Financial Fraud,Man-in-the-Middle,High,228131.0,E-Commerce,Europe,DE,Active Directory,Night,49.3
INC-2025-0169,2025-12-30 10:00:00,2025-12-30,DDoS Attack,Man-in-the-Middle,Medium,217781.0,Government,Asia-Pacific,BR,Web Application,Morning,31.2
INC-2025-0170,2025-02-21 13:00:00,2025-02-21,Ransomware,Zero-day Exploit,Medium,755475.0,Government,Middle East,RU,Identity Provider,Night,40.9
INC-2025-0171,2025-12-11 10:00:00,2025-12-11,Insider Threat,Zero-day Exploit,High,805801.0,Tech Enterprise,North America,CA,Web Application,Afternoon,56.9
INC-2025-0172,2025-11-06 00:00:00,2025-11-06,Malware Outbreak,SQL Injection,Medium,101102.0,Critical Infrastructure,Middle East,CA,POS Terminal,Morning,42.7
INC-2025-0173,2025-01-26 08:00:00,2025-01-26,DDoS Attack,Ransomware Binary,Medium,145507.0,Financial Service,Middle East,CA,Cloud Database,Afternoon,19.1
INC-2025-0174,2025-04-10 06:00:00,2025-04-10,Ransomware,SQL Injection,High,499042.0,Healthcare,North America,CN,POS Terminal,Night,72.2
INC-2025-0175,2025-02-18 02:00:00,2025-02-18,Phishing,API Key Abuse,Medium,65174.0,E-Commerce,North America,UK,Web Application,Evening,33.8
INC-2025-0176,2025-03-19 12:00:00,2025-03-19,Phishing,API Key Abuse,Medium,58993.0,E-Commerce,North America,NL,Identity Provider,Night,51.4
INC-2025-0177,2025-05-05 06:00:00,2025-05-05,Phishing,Social Engineering,Medium,33117.0,Critical Infrastructure,Europe,UK,Identity Provider,Night,50.6
INC-2025-0178,2025-12-19 03:00:00,2025-12-19,Ransomware,Ransomware Binary,High,162356.0,Government,North America,JP,Cloud Database,Evening,57.2
INC-2025-0179,2025-11-12 01:00:00,2025-11-12,Ransomware,API Key Abuse,Medium,122240.0,E-Commerce,Africa,JP,Identity Provider,Evening,27.2
INC-2025-0180,2025-11-22 01:00:00,2025-11-22,Credential Theft,Social Engineering,Medium,79069.0,Tech Enterprise,Latin America,CN,Email Gateway,Morning,38.1
INC-2025-0181,2025-05-30 11:00:00,2025-05-30,Data Exfiltration,API Key Abuse,High,409687.0,Tech Enterprise,Europe,NL,Active Directory,Morning,84.7
INC-2025-0182,2025-01-30 12:00:00,2025-01-30,Ransomware,Man-in-the-Middle,Critical,805343.0,Tech Enterprise,Latin America,RU,Email Gateway,Morning,75.4
INC-2025-0183,2025-05-29 19:00:00,2025-05-29,Insider Threat,Man-in-the-Middle,High,787565.0,Tech Enterprise,North America,DE,Active Directory,Afternoon,53.8
INC-2025-0184,2025-04-24 12:00:00,2025-04-24,Phishing,Social Engineering,Low,6782.0,Healthcare,North America,DE,Identity Provider,Evening,38.4
INC-2025-0185,2025-07-09 22:00:00,2025-07-09,Phishing,Spear Phishing Email,Medium,39067.0,Tech Enterprise,Africa,DE,Active Directory,Afternoon,41.7
INC-2025-0186,2025-10-18 23:00:00,2025-10-18,Credential Theft,Spear Phishing Email,Low,292313.0,Healthcare,Africa,UK,POS Terminal,Night,27.0
INC-2025-0187,2025-06-12 01:00:00,2025-06-12,Phishing,Ransomware Binary,Low,113020.0,Educational Institution,Latin America,CN,Identity Provider,Morning,28.5
INC-2025-0188,2025-04-05 13:00:00,2025-04-05,Credential Theft,Social Engineering,Critical,123947.0,Financial Service,Africa,UK,Email Gateway,Morning,56.8
INC-2025-0189,2025-05-21 20:00:00,2025-05-21,Ransomware,Brute Force,High,624488.0,Critical Infrastructure,North America,BR,Web Application,Night,64.1
INC-2025-0190,2025-01-31 13:00:00,2025-01-31,Insider Threat,Man-in-the-Middle,High,,Critical Infrastructure,Europe,UK,Web Application,Evening,49.2
INC-2025-0191,2025-01-05 18:00:00,2025-01-05,DDoS Attack,SQL Injection,Medium,307066.0,Educational Institution,Asia-Pacific,CN,Web Application,Evening,26.6
INC-2025-0192,2025-04-09 20:00:00,2025-04-09,DDoS Attack,Spear Phishing Email,Medium,49936.0,Financial Service,Latin America,RU,Active Directory,Morning,26.0
INC-2025-0193,2025-11-04 03:00:00,2025-11-04,Credential Theft,API Key Abuse,Medium,204900.0,Tech Enterprise,Middle East,BR,Email Gateway,Night,5.0
INC-2025-0194,2025-01-14 06:00:00,2025-01-14,Phishing,API Key Abuse,Medium,28605.0,E-Commerce,Middle East,UK,Web Application,Afternoon,49.0
INC-2025-0195,2025-08-18 14:00:00,2025-08-18,Phishing,Ransomware Binary,Medium,117981.0,Tech Enterprise,Middle East,US,Web Application,Morning,61.2
INC-2025-0196,2025-06-22 03:00:00,2025-06-22,Financial Fraud,Social Engineering,Critical,105689.0,Financial Service,Asia-Pacific,US,Active Directory,Evening,76.9
INC-2025-0197,2025-10-09 03:00:00,2025-10-09,Credential Theft,SQL Injection,Medium,296444.0,Healthcare,Asia-Pacific,NL,Web Application,Night,29.2
INC-2025-0198,2025-07-11 16:00:00,2025-07-11,Financial Fraud,Zero-day Exploit,High,58352.0,Financial Service,North America,US,Identity Provider,Night,73.3
INC-2025-0199,2025-08-20 20:00:00,2025-08-20,Phishing,Spear Phishing Email,High,21281.0,Government,Africa,JP,Cloud Database,Evening,64.7
INC-2025-0200,2025-03-10 11:00:00,2025-03-10,Malware Outbreak,API Key Abuse,Medium,97722.0,Financial Service,Middle East,JP,Web Application,Night,54.7
INC-2025-0201,2025-06-01 16:00:00,2025-06-01,Phishing,Brute Force,Medium,29082.0,Government,Latin America,RU,POS Terminal,Night,14.8
INC-2025-0202,2025-12-18 07:00:00,2025-12-18,Ransomware,Zero-day Exploit,Medium,679085.0,Healthcare,Africa,US,Cloud Database,Morning,20.4
INC-2025-0203,2025-11-20 13:00:00,2025-11-20,Ransomware,Zero-day Exploit,Low,232051.0,Healthcare,Middle East,BR,Active Directory,Evening,49.4
INC-2025-0204,2025-12-17 15:00:00,2025-12-17,Data Exfiltration,Ransomware Binary,High,613359.0,Critical Infrastructure,Europe,CA,Cloud Database,Night,64.2
INC-2025-0205,2025-11-30 17:00:00,2025-11-30,DDoS Attack,Spear Phishing Email,Medium,305858.0,Educational Institution,North America,JP,Web Application,Evening,31.7
INC-2025-0206,2025-09-25 08:00:00,2025-09-25,DDoS Attack,Ransomware Binary,Critical,343416.0,Tech Enterprise,Europe,DE,Web Application,Afternoon,60.8
INC-2025-0207,2025-05-15 22:00:00,2025-05-15,Credential Theft,Man-in-the-Middle,High,322677.0,Educational Institution,Africa,NL,Email Gateway,Night,49.4
INC-2025-0208,2025-10-10 17:00:00,2025-10-10,Phishing,Zero-day Exploit,Low,111804.0,Tech Enterprise,Asia-Pacific,IN,Active Directory,Morning,42.5
INC-2025-0209,2025-01-03 21:00:00,2025-01-03,Credential Theft,Social Engineering,High,261695.0,Tech Enterprise,Latin America,NL,Web Application,Evening,92.2
INC-2025-0210,2025-12-30 04:00:00,2025-12-30,Phishing,Zero-day Exploit,Low,23656.0,,North America,BR,POS Terminal,Night,44.4
INC-2025-0211,2025-10-29 06:00:00,2025-10-29,Financial Fraud,Zero-day Exploit,Medium,139153.0,E-Commerce,North America,BR,Active Directory,Afternoon,58.2
INC-2025-0212,2025-01-14 01:00:00,2025-01-14,Financial Fraud,Zero-day Exploit,Low,31832.0,E-Commerce,North America,BR,POS Terminal,Night,49.2
INC-2025-0213,2025-04-11 03:00:00,2025-04-11,Phishing,API Key Abuse,Medium,24762.0,Healthcare,Africa,RU,Identity Provider,Morning,58.5
INC-2025-0214,2025-07-21 05:00:00,2025-07-21,DDoS Attack,Ransomware Binary,High,195868.0,Educational Institution,Latin America,NL,Web Application,Night,46.2
INC-2025-0215,2025-08-04 04:00:00,2025-08-04,Credential Theft,API Key Abuse,Medium,74122.0,Critical Infrastructure,Africa,JP,Identity Provider,Afternoon,58.1
INC-2025-0216,2025-07-30 21:00:00,2025-07-30,Financial Fraud,API Key Abuse,Low,73926.0,E-Commerce,Latin America,CA,Email Gateway,Morning,65.1
INC-2025-0217,2025-08-16 22:00:00,2025-08-16,Financial Fraud,Man-in-the-Middle,Medium,217652.0,Tech Enterprise,Latin America,US,POS Terminal,Night,21.8
INC-2025-0218,2025-10-28 00:00:00,2025-10-28,Insider Threat,Brute Force,Critical,595909.0,Financial Service,Africa,BR,Active Directory,Night,76.7
INC-2025-0219,2025-05-04 10:00:00,2025-05-04,Phishing,API Key Abuse,Medium,85045.0,Healthcare,Europe,RU,Web Application,Evening,39.6
INC-2025-0220,2025-12-03 12:00:00,2025-12-03,Phishing,Ransomware Binary,Medium,36525.0,Government,Middle East,RU,Identity Provider,Evening,14.3
INC-2025-0221,2025-02-18 20:00:00,2025-02-18,Credential Theft,Brute Force,Medium,275143.0,Educational Institution,Europe,BR,Email Gateway,Evening,17.5
INC-2025-0222,2025-04-10 05:00:00,2025-04-10,Malware Outbreak,Brute Force,Medium,69920.0,Financial Service,Africa,NL,Active Directory,Night,5.0
INC-2025-0223,2025-04-16 21:00:00,2025-04-16,Credential Theft,Social Engineering,Low,210675.0,Critical Infrastructure,Africa,JP,Identity Provider,Night,21.8
INC-2025-0224,2025-03-11 11:00:00,2025-03-11,Ransomware,API Key Abuse,High,476188.0,Financial Service,Middle East,BR,POS Terminal,Night,52.6
INC-2025-0225,2025-06-27 00:00:00,2025-06-27,DDoS Attack,Brute Force,Low,314443.0,Tech Enterprise,Europe,JP,POS Terminal,Night,32.5
INC-2025-0226,2025-06-03 11:00:00,2025-06-03,Phishing,Man-in-the-Middle,Critical,51601.0,Educational Institution,North America,DE,Identity Provider,Morning,66.7
INC-2025-0227,2025-11-01 18:00:00,2025-11-01,Ransomware,Brute Force,Critical,172788.0,Critical Infrastructure,North America,NL,Cloud Database,Afternoon,69.6
INC-2025-0228,2025-03-27 22:00:00,2025-03-27,Insider Threat,API Key Abuse,High,179350.0,Financial Service,North America,JP,Web Application,Morning,63.0
INC-2025-0229,2025-03-27 16:00:00,2025-03-27,Financial Fraud,Zero-day Exploit,Medium,322862.0,Educational Institution,Europe,US,Identity Provider,Morning,22.6
INC-2025-0230,2025-11-26 01:00:00,2025-11-26,Phishing,Ransomware Binary,High,69673.0,Government,Middle East,IN,Email Gateway,Night,66.3
INC-2025-0231,2025-05-18 02:00:00,2025-05-18,Phishing,Man-in-the-Middle,Low,71202.0,Critical Infrastructure,Europe,BR,Email Gateway,Night,25.3
INC-2025-0232,2025-04-26 13:00:00,2025-04-26,Credential Theft,Man-in-the-Middle,Low,285277.0,Government,Middle East,NL,Identity Provider,Night,23.0
INC-2025-0233,2025-09-11 02:00:00,2025-09-11,Insider Threat,API Key Abuse,High,727623.0,Critical Infrastructure,Asia-Pacific,UK,Active Directory,Evening,66.3
INC-2025-0234,2025-11-03 10:00:00,2025-11-03,Financial Fraud,Zero-day Exploit,Low,142924.0,Critical Infrastructure,Europe,JP,Active Directory,Night,48.2
INC-2025-0235,2025-02-16 14:00:00,2025-02-16,Insider Threat,Social Engineering,High,318854.0,Healthcare,Latin America,BR,Email Gateway,Night,66.0
INC-2025-0236,2025-10-10 17:00:00,2025-10-10,Phishing,Man-in-the-Middle,High,66794.0,Government,Africa,US,Active Directory,Morning,77.8
INC-2025-0237,2025-06-25 10:00:00,2025-06-25,Phishing,Man-in-the-Middle,High,113507.0,Educational Institution,Africa,RU,Cloud Database,Night,80.1
INC-2025-0238,2025-04-19 22:00:00,2025-04-19,Insider Threat,API Key Abuse,Critical,206222.0,E-Commerce,Middle East,CN,Active Directory,Night,55.6
INC-2025-0239,2025-10-10 04:00:00,2025-10-10,Malware Outbreak,API Key Abuse,Medium,21095.0,Financial Service,Latin America,CN,Identity Provider,Afternoon,52.8
INC-2025-0240,2025-09-22 19:00:00,2025-09-22,Ransomware,Brute Force,Medium,147756.0,Educational Institution,Europe,UK,POS Terminal,Night,73.8
INC-2025-0241,2025-12-30 08:00:00,2025-12-30,Ransomware,Brute Force,Critical,293051.0,Government,Latin America,CA,Web Application,Night,63.6
INC-2025-0242,2025-06-29 01:00:00,2025-06-29,Financial Fraud,Ransomware Binary,High,326186.0,Financial Service,Asia-Pacific,CN,Identity Provider,Evening,31.4
INC-2025-0243,2025-11-21 11:00:00,2025-11-21,DDoS Attack,Man-in-the-Middle,High,142488.0,Government,North America,BR,Web Application,Night,71.1
INC-2025-0244,2025-02-16 06:00:00,2025-02-16,Phishing,Brute Force,Medium,1155.0,Educational Institution,North America,BR,Active Directory,Morning,34.6
INC-2025-0245,2025-01-04 14:00:00,2025-01-04,Financial Fraud,API Key Abuse,Low,211402.0,Government,North America,DE,Web Application,Afternoon,20.0
INC-2025-0246,2025-12-21 12:00:00,2025-12-21,Insider Threat,SQL Injection,Critical,148696.0,Tech Enterprise,Europe,RU,Cloud Database,Afternoon,54.8
INC-2025-0247,2025-02-15 05:00:00,2025-02-15,DDoS Attack,API Key Abuse,Low,151295.0,Educational Institution,Asia-Pacific,RU,Email Gateway,Evening,26.4
INC-2025-0248,2025-12-10 13:00:00,2025-12-10,Phishing,SQL Injection,Low,116111.0,Healthcare,Africa,IN,Email Gateway,Night,15.2
INC-2025-0249,2025-10-02 08:00:00,2025-10-02,Insider Threat,Ransomware Binary,Critical,289017.0,Critical Infrastructure,North America,RU,Active Directory,Afternoon,80.0
INC-2025-0250,2025-10-13 08:00:00,2025-10-13,Phishing,Social Engineering,Medium,32655.0,Financial Service,Latin America,NL,Email Gateway,Evening,65.9
INC-2025-0251,2025-07-15 03:00:00,2025-07-15,Phishing,Spear Phishing Email,Low,99344.0,Tech Enterprise,Middle East,US,Email Gateway,Night,17.0
INC-2025-0252,2025-11-21 15:00:00,2025-11-21,DDoS Attack,Man-in-the-Middle,High,54812.0,Critical Infrastructure,Middle East,RU,Active Directory,Morning,45.9
INC-2025-0253,2025-02-04 16:00:00,2025-02-04,Insider Threat,Spear Phishing Email,Critical,96403.0,Government,Europe,BR,Web Application,Afternoon,48.2
INC-2025-0254,2025-05-12 22:00:00,2025-05-12,DDoS Attack,Brute Force,Medium,345146.0,Tech Enterprise,Latin America,BR,Email Gateway,Night,33.4
INC-2025-0255,2025-12-13 22:00:00,2025-12-13,Credential Theft,Ransomware Binary,Medium,284713.0,Healthcare,North America,UK,Identity Provider,Evening,48.6
INC-2025-0256,2025-04-03 12:00:00,2025-04-03,Phishing,SQL Injection,Medium,112032.0,Financial Service,Asia-Pacific,JP,Email Gateway,Evening,31.8
INC-2025-0257,2025-02-18 13:00:00,2025-02-18,Credential Theft,SQL Injection,Medium,91716.0,Tech Enterprise,Middle East,DE,Cloud Database,Night,27.7
INC-2025-0258,2025-12-10 04:00:00,2025-12-10,Credential Theft,Brute Force,Low,187024.0,Financial Service,North America,US,Web Application,Evening,46.6
INC-2025-0259,2025-07-11 10:00:00,2025-07-11,Financial Fraud,API Key Abuse,Critical,75028.0,Tech Enterprise,Africa,US,Active Directory,Evening,64.0
INC-2025-0260,2025-08-28 00:00:00,2025-08-28,Credential Theft,Man-in-the-Middle,High,208196.0,E-Commerce,Europe,IN,Active Directory,Afternoon,56.1
INC-2025-0261,2025-06-07 12:00:00,2025-06-07,Insider Threat,Spear Phishing Email,High,522406.0,Critical Infrastructure,Africa,US,Active Directory,Afternoon,59.3
INC-2025-0262,2025-04-23 00:00:00,2025-04-23,Phishing,API Key Abuse,Medium,79931.0,Critical Infrastructure,Europe,RU,Cloud Database,Evening,43.6
INC-2025-0263,2025-09-23 13:00:00,2025-09-23,Credential Theft,Social Engineering,High,146130.0,Financial Service,Latin America,RU,Active Directory,Afternoon,75.6
INC-2025-0264,2025-12-16 07:00:00,2025-12-16,Phishing,Zero-day Exploit,Medium,34154.0,Healthcare,North America,NL,Email Gateway,Night,38.5
INC-2025-0265,2025-12-23 20:00:00,2025-12-23,Ransomware,Spear Phishing Email,Medium,212777.0,Financial Service,North America,UK,Active Directory,Morning,26.4
INC-2025-0266,2025-05-02 11:00:00,2025-05-02,DDoS Attack,Zero-day Exploit,Medium,236496.0,Healthcare,Asia-Pacific,RU,Active Directory,Night,44.3
INC-2025-0267,2025-02-17 21:00:00,2025-02-17,Malware Outbreak,API Key Abuse,Low,16434.0,Tech Enterprise,Europe,JP,Active Directory,Morning,50.5
INC-2025-0268,2025-02-16 19:00:00,2025-02-16,DDoS Attack,Social Engineering,Critical,229448.0,Government,Middle East,CA,Active Directory,Afternoon,81.9
INC-2025-0269,2025-11-01 16:00:00,2025-11-01,DDoS Attack,Brute Force,Medium,183570.0,Healthcare,Latin America,JP,Active Directory,Afternoon,49.5
INC-2025-0270,2025-12-10 02:00:00,2025-12-10,Credential Theft,SQL Injection,Low,309503.0,Government,Middle East,BR,Identity Provider,Evening,59.2
INC-2025-0271,2025-02-20 17:00:00,2025-02-20,Phishing,Brute Force,Medium,92369.0,E-Commerce,Africa,CA,Web Application,Afternoon,22.4
INC-2025-0272,2025-03-28 05:00:00,2025-03-28,Phishing,Zero-day Exploit,Medium,32778.0,Critical Infrastructure,Europe,NL,Cloud Database,Morning,28.3
INC-2025-0273,2025-04-19 15:00:00,2025-04-19,Ransomware,API Key Abuse,Medium,805600.0,E-Commerce,Africa,DE,POS Terminal,Evening,74.5
INC-2025-0274,2025-02-20 16:00:00,2025-02-20,Credential Theft,Zero-day Exploit,High,131060.0,E-Commerce,Africa,DE,Active Directory,Evening,37.9
INC-2025-0275,2025-05-05 02:00:00,2025-05-05,Credential Theft,Brute Force,Low,161951.0,Critical Infrastructure,Asia-Pacific,US,POS Terminal,Night,39.9
INC-2025-0276,2025-10-02 04:00:00,2025-10-02,Ransomware,Ransomware Binary,High,286281.0,Tech Enterprise,Middle East,JP,Active Directory,Morning,59.6
INC-2025-0277,2025-03-05 20:00:00,2025-03-05,Credential Theft,SQL Injection,Critical,211846.0,Tech Enterprise,Latin America,UK,Web Application,Afternoon,39.7
INC-2025-0278,2025-02-15 11:00:00,2025-02-15,Financial Fraud,SQL Injection,Low,51099.0,Educational Institution,North America,RU,POS Terminal,Afternoon,52.1
INC-2025-0279,2025-07-02 03:00:00,2025-07-02,Data Exfiltration,SQL Injection,Critical,515918.0,Tech Enterprise,Asia-Pacific,NL,POS Terminal,Afternoon,51.4
INC-2025-0280,2025-04-02 18:00:00,2025-04-02,Insider Threat,Social Engineering,Critical,537505.0,Tech Enterprise,Latin America,IN,Web Application,Evening,55.2
INC-2025-0281,2025-12-03 16:00:00,2025-12-03,Phishing,Spear Phishing Email,Low,106388.0,Educational Institution,Middle East,IN,Identity Provider,Night,43.9
INC-2025-0282,2025-10-25 20:00:00,2025-10-25,Malware Outbreak,Ransomware Binary,High,119325.0,Critical Infrastructure,Europe,NL,POS Terminal,Night,20.9
INC-2025-0283,2025-09-21 16:00:00,2025-09-21,Credential Theft,Ransomware Binary,Low,82842.0,E-Commerce,North America,DE,Web Application,Night,33.1
INC-2025-0284,2025-09-14 03:00:00,2025-09-14,Malware Outbreak,SQL Injection,Medium,12390.0,Government,Europe,JP,Cloud Database,Afternoon,29.7
INC-2025-0285,2025-12-24 10:00:00,2025-12-24,Phishing,Man-in-the-Middle,Medium,101318.0,Critical Infrastructure,Middle East,CN,Web Application,Morning,23.1
INC-2025-0286,2025-05-25 22:00:00,2025-05-25,Phishing,Ransomware Binary,Low,81807.0,Healthcare,Europe,UK,Active Directory,Afternoon,30.4
INC-2025-0287,2025-10-17 06:00:00,2025-10-17,Phishing,Social Engineering,Medium,97158.0,Educational Institution,Asia-Pacific,UK,Web Application,Evening,11.1
INC-2025-0288,2025-09-26 20:00:00,2025-09-26,Credential Theft,Spear Phishing Email,Medium,158245.0,Government,Middle East,RU,Cloud Database,Morning,23.6
INC-2025-0289,2025-03-15 09:00:00,2025-03-15,Phishing,Spear Phishing Email,High,89607.0,Critical Infrastructure,Europe,CN,Active Directory,Afternoon,68.3
INC-2025-0290,2025-07-10 03:00:00,2025-07-10,Financial Fraud,Man-in-the-Middle,Medium,247717.0,E-Commerce,Asia-Pacific,IN,Identity Provider,Night,54.3
INC-2025-0291,2025-12-20 10:00:00,2025-12-20,Credential Theft,Ransomware Binary,Critical,209535.0,Financial Service,North America,CA,Web Application,Afternoon,55.1
INC-2025-0292,2025-11-02 07:00:00,2025-11-02,Insider Threat,Ransomware Binary,Critical,112551.0,Financial Service,Africa,DE,Active Directory,Morning,41.9
INC-2025-0293,2025-04-17 18:00:00,2025-04-17,Phishing,SQL Injection,Low,20008.0,Critical Infrastructure,Latin America,CN,POS Terminal,Morning,51.0
INC-2025-0294,2025-07-05 22:00:00,2025-07-05,Credential Theft,Ransomware Binary,Medium,246060.0,Healthcare,Middle East,US,Active Directory,Evening,37.8
INC-2025-0295,2025-08-23 12:00:00,2025-08-23,Financial Fraud,API Key Abuse,Low,148252.0,Government,North America,BR,Cloud Database,Afternoon,26.3
INC-2025-0296,2025-10-20 09:00:00,2025-10-20,Ransomware,SQL Injection,Critical,506331.0,Financial Service,Middle East,UK,Active Directory,Night,52.5
INC-2025-0297,2025-08-15 11:00:00,2025-08-15,Credential Theft,API Key Abuse,Low,111239.0,Critical Infrastructure,Europe,NL,Cloud Database,Afternoon,38.3
INC-2025-0298,2025-12-09 12:00:00,2025-12-09,Credential Theft,Man-in-the-Middle,High,343540.0,E-Commerce,Europe,NL,Active Directory,Afternoon,45.1
INC-2025-0299,2025-01-28 07:00:00,2025-01-28,Insider Threat,Ransomware Binary,High,528356.0,E-Commerce,Latin America,RU,Web Application,Morning,100.0
INC-2025-0300,2025-10-30 20:00:00,2025-10-30,Financial Fraud,Ransomware Binary,Medium,67507.0,Healthcare,Africa,DE,Email Gateway,Night,20.1
INC-2025-0301,2025-06-12 02:00:00,2025-06-12,Financial Fraud,Spear Phishing Email,Low,299025.0,Educational Institution,Latin America,JP,Web Application,Evening,46.7
INC-2025-0302,2025-11-17 19:00:00,2025-11-17,Financial Fraud,Zero-day Exploit,Medium,228461.0,Tech Enterprise,Latin America,US,Active Directory,Afternoon,5.0
INC-2025-0303,2025-06-24 08:00:00,2025-06-24,Financial Fraud,Ransomware Binary,Low,76354.0,E-Commerce,North America,US,Identity Provider,Evening,29.7
INC-2025-0304,2025-05-15 03:00:00,2025-05-15,Ransomware,Ransomware Binary,High,761028.0,Tech Enterprise,Asia-Pacific,NL,POS Terminal,Night,56.4
INC-2025-0305,2025-08-02 03:00:00,2025-08-02,Financial Fraud,Spear Phishing Email,Medium,278452.0,E-Commerce,Europe,CN,Active Directory,Morning,39.5
INC-2025-0306,2025-03-31 07:00:00,2025-03-31,Insider Threat,API Key Abuse,Critical,812371.0,Financial Service,Middle East,JP,Active Directory,Afternoon,73.5
INC-2025-0307,2025-01-17 11:00:00,2025-01-17,DDoS Attack,Man-in-the-Middle,Low,349296.0,Financial Service,Europe,RU,POS Terminal,Morning,47.5
INC-2025-0308,2025-11-17 16:00:00,2025-11-17,Financial Fraud,Man-in-the-Middle,Critical,274150.0,Tech Enterprise,Latin America,UK,Email Gateway,Night,68.8
INC-2025-0309,2025-10-09 16:00:00,2025-10-09,Credential Theft,API Key Abuse,High,303225.0,Financial Service,Asia-Pacific,JP,Email Gateway,Morning,64.9
INC-2025-0310,2025-03-02 20:00:00,2025-03-02,Data Exfiltration,Brute Force,Critical,134703.0,Educational Institution,Middle East,UK,Email Gateway,Afternoon,76.6
INC-2025-0311,2025-08-11 02:00:00,2025-08-11,Financial Fraud,Zero-day Exploit,Medium,48309.0,Critical Infrastructure,Middle East,US,Cloud Database,Night,32.0
INC-2025-0312,2025-03-11 08:00:00,2025-03-11,Data Exfiltration,Zero-day Exploit,Critical,195051.0,Critical Infrastructure,Asia-Pacific,JP,POS Terminal,Afternoon,46.5
INC-2025-0313,2025-01-19 22:00:00,2025-01-19,Credential Theft,SQL Injection,Medium,330905.0,Healthcare,Africa,BR,Active Directory,Evening,37.8
INC-2025-0314,2025-10-26 20:00:00,2025-10-26,Insider Threat,Social Engineering,Critical,800186.0,Healthcare,Europe,IN,Web Application,Afternoon,55.1
INC-2025-0315,2025-08-30 21:00:00,2025-08-30,Credential Theft,Man-in-the-Middle,Medium,98783.0,E-Commerce,Europe,BR,Web Application,Night,39.6
INC-2025-0316,2025-08-04 09:00:00,2025-08-04,Malware Outbreak,Zero-day Exploit,High,25532.0,Critical Infrastructure,Europe,IN,POS Terminal,Afternoon,80.8
INC-2025-0317,2025-01-10 03:00:00,2025-01-10,Credential Theft,Spear Phishing Email,Medium,333876.0,Government,Europe,RU,Cloud Database,Night,23.6
INC-2025-0318,2025-04-27 02:00:00,2025-04-27,Credential Theft,API Key Abuse,Medium,14171.0,Government,North America,IN,POS Terminal,Afternoon,11.5
INC-2025-0319,2025-06-30 17:00:00,2025-06-30,Ransomware,Zero-day Exploit,Critical,,Healthcare,Europe,BR,Active Directory,Evening,46.8
INC-2025-0320,2025-07-12 16:00:00,2025-07-12,Credential Theft,Brute Force,High,248588.0,Educational Institution,Europe,JP,Web Application,Morning,76.0
INC-2025-0321,2025-05-29 02:00:00,2025-05-29,Data Exfiltration,Social Engineering,Critical,446087.0,E-Commerce,Latin America,IN,Identity Provider,Night,78.9
INC-2025-0322,2025-03-25 14:00:00,2025-03-25,Credential Theft,Ransomware Binary,High,79601.0,Healthcare,Latin America,JP,Cloud Database,Night,57.9
INC-2025-0323,2025-11-20 14:00:00,2025-11-20,Ransomware,API Key Abuse,Low,291133.0,Tech Enterprise,Asia-Pacific,JP,Web Application,Night,33.4
INC-2025-0324,2025-06-30 23:00:00,2025-06-30,DDoS Attack,Man-in-the-Middle,Medium,152745.0,Critical Infrastructure,Middle East,DE,Email Gateway,Morning,50.5
INC-2025-0325,2025-02-23 05:00:00,2025-02-23,Insider Threat,Spear Phishing Email,High,271883.0,E-Commerce,Latin America,RU,POS Terminal,Afternoon,54.0
INC-2025-0326,2025-08-27 08:00:00,2025-08-27,Insider Threat,SQL Injection,High,201538.0,E-Commerce,Middle East,IN,Identity Provider,Afternoon,49.7
INC-2025-0327,2025-07-25 15:00:00,2025-07-25,Malware Outbreak,Social Engineering,High,,Financial Service,Asia-Pacific,IN,Identity Provider,Afternoon,86.9
INC-2025-0328,2025-05-19 09:00:00,2025-05-19,Phishing,Zero-day Exploit,High,9712.0,Educational Institution,North America,US,Active Directory,Night,39.2
INC-2025-0329,2025-04-12 16:00:00,2025-04-12,Ransomware,Spear Phishing Email,Medium,192180.0,Critical Infrastructure,North America,NL,Identity Provider,Night,64.9
INC-2025-0330,2025-06-16 16:00:00,2025-06-16,Phishing,API Key Abuse,Medium,20456.0,Healthcare,Asia-Pacific,NL,Web Application,Morning,81.6
INC-2025-0331,2025-01-03 16:00:00,2025-01-03,Ransomware,Ransomware Binary,Critical,478276.0,Tech Enterprise,Middle East,IN,Cloud Database,Morning,80.9
INC-2025-0332,2025-05-08 03:00:00,2025-05-08,Ransomware,API Key Abuse,High,179887.0,Healthcare,North America,RU,POS Terminal,Night,79.1
INC-2025-0333,2025-06-11 22:00:00,2025-06-11,Phishing,Ransomware Binary,High,51445.0,Government,Africa,NL,Cloud Database,Morning,76.6
INC-2025-0334,2025-12-02 05:00:00,2025-12-02,Credential Theft,Social Engineering,Medium,306338.0,E-Commerce,Africa,RU,POS Terminal,Night,20.0
INC-2025-0335,2025-04-05 03:00:00,2025-04-05,Phishing,Brute Force,High,70267.0,Educational Institution,Asia-Pacific,NL,Web Application,Night,42.7
INC-2025-0336,2025-09-29 22:00:00,2025-09-29,Ransomware,Man-in-the-Middle,Critical,455105.0,Government,Asia-Pacific,CN,Active Directory,Night,80.2
INC-2025-0337,2025-02-22 10:00:00,2025-02-22,Phishing,Spear Phishing Email,Medium,20581.0,Educational Institution,North America,DE,Cloud Database,Night,29.5
INC-2025-0338,2025-11-14 17:00:00,2025-11-14,Credential Theft,Ransomware Binary,Medium,90024.0,Financial Service,Asia-Pacific,UK,Web Application,Evening,15.8
INC-2025-0339,2025-05-21 19:00:00,2025-05-21,Phishing,API Key Abuse,Medium,105736.0,Educational Institution,Asia-Pacific,UK,Web Application,Night,51.8
INC-2025-0340,2025-12-27 07:00:00,2025-12-27,Data Exfiltration,Man-in-the-Middle,High,626201.0,Healthcare,Africa,CA,Cloud Database,Afternoon,86.7
INC-2025-0341,2025-03-23 19:00:00,2025-03-23,Data Exfiltration,Social Engineering,Critical,374264.0,Critical Infrastructure,Asia-Pacific,RU,Identity Provider,Afternoon,37.3
INC-2025-0342,2025-03-15 05:00:00,2025-03-15,Credential Theft,Man-in-the-Middle,High,201375.0,Educational Institution,Europe,IN,POS Terminal,Morning,51.1
INC-2025-0343,2025-05-28 11:00:00,2025-05-28,Malware Outbreak,SQL Injection,Low,112541.0,Healthcare,Africa,DE,Identity Provider,Afternoon,21.7
INC-2025-0344,2025-12-18 15:00:00,2025-12-18,Data Exfiltration,API Key Abuse,High,62360.0,Educational Institution,North America,BR,POS Terminal,Night,63.6
INC-2025-0345,2025-09-23 20:00:00,2025-09-23,Phishing,SQL Injection,Critical,43137.0,Educational Institution,Latin America,CN,Email Gateway,Morning,61.8
INC-2025-0346,2025-01-07 16:00:00,2025-01-07,Phishing,Spear Phishing Email,Low,43051.0,Financial Service,Latin America,RU,Cloud Database,Afternoon,39.2
INC-2025-0347,2025-10-15 05:00:00,2025-10-15,Ransomware,Social Engineering,High,696047.0,Government,Latin America,DE,Cloud Database,Night,64.6
INC-2025-0348,2025-09-05 16:00:00,2025-09-05,Financial Fraud,SQL Injection,Medium,259024.0,Government,North America,NL,Identity Provider,Afternoon,32.4
INC-2025-0349,2025-05-31 14:00:00,2025-05-31,Insider Threat,Man-in-the-Middle,Critical,93764.0,E-Commerce,Asia-Pacific,CN,POS Terminal,Morning,53.2
INC-2025-0350,2025-01-16 17:00:00,2025-01-16,Credential Theft,Ransomware Binary,High,91346.0,Educational Institution,Europe,CN,Email Gateway,Evening,54.6
INC-2025-0351,2025-06-23 02:00:00,2025-06-23,Financial Fraud,Brute Force,Medium,118143.0,Government,Africa,JP,POS Terminal,Afternoon,56.3
INC-2025-0352,2025-12-11 06:00:00,2025-12-11,Ransomware,Spear Phishing Email,High,729530.0,Financial Service,Latin America,US,Email Gateway,Morning,75.2
INC-2025-0353,2025-12-29 05:00:00,2025-12-29,DDoS Attack,Man-in-the-Middle,High,287169.0,Critical Infrastructure,Asia-Pacific,DE,Active Directory,Afternoon,40.8
INC-2025-0354,2025-07-24 03:00:00,2025-07-24,Financial Fraud,Ransomware Binary,High,274496.0,Educational Institution,Middle East,UK,Active Directory,Night,34.5
INC-2025-0355,2025-08-30 00:00:00,2025-08-30,Phishing,API Key Abuse,High,77709.0,Critical Infrastructure,Middle East,CN,POS Terminal,Morning,87.3
INC-2025-0356,2025-05-09 03:00:00,2025-05-09,Financial Fraud,Brute Force,Low,17356.0,Critical Infrastructure,Latin America,JP,Identity Provider,Evening,36.3
INC-2025-0357,2025-06-02 12:00:00,2025-06-02,Ransomware,Social Engineering,High,381607.0,E-Commerce,Latin America,CA,Cloud Database,Afternoon,73.2
INC-2025-0358,2025-11-13 08:00:00,2025-11-13,Ransomware,Man-in-the-Middle,Critical,174116.0,Educational Institution,Asia-Pacific,RU,Email Gateway,Morning,61.2
INC-2025-0359,2025-11-09 21:00:00,2025-11-09,Financial Fraud,Zero-day Exploit,Critical,240595.0,Tech Enterprise,Middle East,BR,Web Application,Morning,59.5
INC-2025-0360,2025-01-18 21:00:00,2025-01-18,Insider Threat,Social Engineering,Critical,589243.0,Educational Institution,North America,US,Email Gateway,Evening,37.5
INC-2025-0361,2025-04-25 03:00:00,2025-04-25,Insider Threat,Brute Force,High,149977.0,Government,Africa,IN,Email Gateway,Evening,61.2
INC-2025-0362,2025-03-13 10:00:00,2025-03-13,Phishing,API Key Abuse,High,55935.0,E-Commerce,North America,US,Email Gateway,Morning,59.9
INC-2025-0363,2025-12-20 18:00:00,2025-12-20,Credential Theft,Zero-day Exploit,Medium,239473.0,E-Commerce,Middle East,US,Web Application,Night,68.5
INC-2025-0364,2025-01-17 06:00:00,2025-01-17,Malware Outbreak,API Key Abuse,Low,114945.0,E-Commerce,Middle East,CA,Cloud Database,Evening,55.8
INC-2025-0365,2025-08-29 16:00:00,2025-08-29,Phishing,Spear Phishing Email,Critical,1192.0,Government,Middle East,DE,POS Terminal,Night,71.3
INC-2025-0366,2025-03-14 23:00:00,2025-03-14,Insider Threat,Man-in-the-Middle,Low,286187.0,Financial Service,Middle East,NL,Email Gateway,Night,48.0
INC-2025-0367,2025-07-18 13:00:00,2025-07-18,Phishing,SQL Injection,Medium,103120.0,Financial Service,Middle East,RU,POS Terminal,Morning,55.0
INC-2025-0368,2025-02-17 01:00:00,2025-02-17,Credential Theft,Spear Phishing Email,High,179514.0,Educational Institution,Africa,NL,Active Directory,Evening,65.7
INC-2025-0369,2025-11-18 12:00:00,2025-11-18,Phishing,Spear Phishing Email,Critical,37945.0,E-Commerce,Asia-Pacific,CA,Web Application,Evening,60.6
INC-2025-0370,2025-02-28 22:00:00,2025-02-28,Phishing,Ransomware Binary,High,46095.0,Educational Institution,Latin America,BR,POS Terminal,Afternoon,85.2
INC-2025-0371,2025-03-03 16:00:00,2025-03-03,Ransomware,Man-in-the-Middle,Low,643130.0,Healthcare,Middle East,JP,Cloud Database,Night,56.7
INC-2025-0372,2025-11-14 06:00:00,2025-11-14,Insider Threat,Zero-day Exploit,High,381119.0,Healthcare,Latin America,US,POS Terminal,Morning,44.2
INC-2025-0373,2025-04-02 08:00:00,2025-04-02,Phishing,SQL Injection,High,87598.0,Healthcare,North America,IN,POS Terminal,Morning,47.8
INC-2025-0374,2025-03-03 09:00:00,2025-03-03,DDoS Attack,SQL Injection,Critical,92796.0,Critical Infrastructure,Europe,UK,POS Terminal,Morning,40.9
INC-2025-0375,2025-07-23 09:00:00,2025-07-23,Phishing,Brute Force,High,77509.0,Financial Service,Europe,CN,Identity Provider,Night,44.4
INC-2025-0376,2025-03-03 05:00:00,2025-03-03,Credential Theft,API Key Abuse,High,248056.0,Financial Service,Asia-Pacific,UK,POS Terminal,Afternoon,65.5
INC-2025-0377,2025-04-20 12:00:00,2025-04-20,Phishing,Ransomware Binary,Low,38019.0,Healthcare,Middle East,BR,Email Gateway,Night,50.6
INC-2025-0378,2025-01-28 07:00:00,2025-01-28,Phishing,Social Engineering,High,17544.0,Financial Service,Middle East,UK,Email Gateway,Morning,72.4
INC-2025-0379,2025-04-30 13:00:00,2025-04-30,Financial Fraud,Brute Force,High,155331.0,Educational Institution,Asia-Pacific,JP,Web Application,Evening,46.5
INC-2025-0380,2025-09-13 05:00:00,2025-09-13,Data Exfiltration,Ransomware Binary,Medium,231429.0,Government,Latin America,CA,POS Terminal,Morning,52.5
INC-2025-0381,2025-09-26 16:00:00,2025-09-26,Credential Theft,API Key Abuse,Low,257156.0,Educational Institution,Latin America,DE,POS Terminal,Afternoon,30.6
INC-2025-0382,2025-12-22 22:00:00,2025-12-22,Phishing,Ransomware Binary,Critical,53656.0,Tech Enterprise,Asia-Pacific,CA,POS Terminal,Evening,81.5
INC-2025-0383,2025-03-09 18:00:00,2025-03-09,DDoS Attack,Social Engineering,Medium,81312.0,Government,North America,BR,POS Terminal,Evening,61.5
INC-2025-0384,2025-07-16 04:00:00,2025-07-16,Malware Outbreak,Ransomware Binary,Medium,118275.0,Government,Middle East,CN,Active Directory,Afternoon,27.6
INC-2025-0385,2025-10-15 10:00:00,2025-10-15,Financial Fraud,SQL Injection,Critical,19026.0,Educational Institution,Europe,JP,POS Terminal,Morning,58.4
INC-2025-0386,2025-07-01 09:00:00,2025-07-01,DDoS Attack,API Key Abuse,High,24288.0,Educational Institution,Asia-Pacific,US,Active Directory,Morning,80.9
INC-2025-0387,2025-07-28 13:00:00,2025-07-28,Phishing,SQL Injection,Low,62169.0,Government,Latin America,JP,Email Gateway,Night,42.8
INC-2025-0388,2025-04-04 12:00:00,2025-04-04,Data Exfiltration,Brute Force,High,762793.0,E-Commerce,Europe,DE,Cloud Database,Afternoon,85.0
INC-2025-0389,2025-12-30 07:00:00,2025-12-30,DDoS Attack,Ransomware Binary,High,291663.0,E-Commerce,Europe,US,Active Directory,Night,89.4
INC-2025-0390,2025-02-14 14:00:00,2025-02-14,Phishing,Ransomware Binary,Medium,85486.0,Government,Middle East,IN,Cloud Database,Evening,46.3
INC-2025-0391,2025-08-11 22:00:00,2025-08-11,Phishing,Social Engineering,High,47830.0,E-Commerce,Africa,BR,Active Directory,Evening,73.7
INC-2025-0392,2025-10-25 18:00:00,2025-10-25,Credential Theft,SQL Injection,High,40903.0,Educational Institution,Asia-Pacific,CN,Identity Provider,Evening,67.4
INC-2025-0393,2025-12-24 23:00:00,2025-12-24,Phishing,Zero-day Exploit,Medium,70681.0,Government,Africa,JP,Web Application,Afternoon,9.5
INC-2025-0394,2025-05-05 12:00:00,2025-05-05,Phishing,Zero-day Exploit,Low,16408.0,Critical Infrastructure,Middle East,CA,Email Gateway,Night,28.1
INC-2025-0395,2025-10-05 01:00:00,2025-10-05,Phishing,Man-in-the-Middle,Low,19263.0,Educational Institution,Africa,DE,Email Gateway,Afternoon,43.0
INC-2025-0396,2025-12-09 16:00:00,2025-12-09,Credential Theft,Ransomware Binary,Medium,215747.0,Financial Service,Europe,NL,Identity Provider,Morning,47.7
INC-2025-0397,2025-06-25 17:00:00,2025-06-25,Credential Theft,Spear Phishing Email,Low,75744.0,Tech Enterprise,Europe,IN,Web Application,Morning,51.9
INC-2025-0398,2025-03-23 12:00:00,2025-03-23,Insider Threat,Man-in-the-Middle,High,471594.0,Financial Service,Latin America,UK,POS Terminal,Night,75.2
INC-2025-0399,2025-10-22 03:00:00,2025-10-22,Ransomware,Brute Force,Critical,847583.0,E-Commerce,Middle East,US,Cloud Database,Morning,71.5
INC-2025-0400,2025-09-27 21:00:00,2025-09-27,Credential Theft,Social Engineering,High,6881.0,Critical Infrastructure,Latin America,IN,Cloud Database,Morning,25.6
INC-2025-0401,2025-08-10 02:00:00,2025-08-10,DDoS Attack,Ransomware Binary,Low,86972.0,Healthcare,Africa,UK,Email Gateway,Morning,25.9
INC-2025-0402,2025-07-06 11:00:00,2025-07-06,Financial Fraud,Man-in-the-Middle,High,281223.0,Financial Service,Asia-Pacific,DE,Email Gateway,Night,56.9
INC-2025-0403,2025-09-07 19:00:00,2025-09-07,DDoS Attack,Spear Phishing Email,Medium,239196.0,E-Commerce,Middle East,CA,Identity Provider,Morning,22.4
INC-2025-0404,2025-09-30 23:00:00,2025-09-30,DDoS Attack,Social Engineering,Medium,312680.0,Healthcare,Europe,IN,Email Gateway,Night,21.7
INC-2025-0405,2025-08-17 16:00:00,2025-08-17,Phishing,Zero-day Exploit,High,55028.0,Tech Enterprise,Europe,UK,Identity Provider,Evening,76.1
INC-2025-0406,2025-08-09 13:00:00,2025-08-09,DDoS Attack,API Key Abuse,Critical,316793.0,Educational Institution,Europe,DE,Email Gateway,Morning,80.0
INC-2025-0407,2025-05-23 08:00:00,2025-05-23,Phishing,Spear Phishing Email,Medium,73307.0,E-Commerce,Latin America,US,Cloud Database,Night,58.0
INC-2025-0408,2025-11-27 01:00:00,2025-11-27,Malware Outbreak,API Key Abuse,Low,,Financial Service,Latin America,US,Web Application,Afternoon,32.3
INC-2025-0409,2025-09-25 00:00:00,2025-09-25,Malware Outbreak,Man-in-the-Middle,Low,16549.0,Government,Asia-Pacific,IN,POS Terminal,Evening,16.2
INC-2025-0410,2025-12-07 07:00:00,2025-12-07,Insider Threat,Man-in-the-Middle,High,256548.0,Tech Enterprise,Africa,UK,Identity Provider,Afternoon,71.9
INC-2025-0411,2025-08-21 16:00:00,2025-08-21,Phishing,Man-in-the-Middle,Medium,105135.0,Financial Service,Middle East,RU,Identity Provider,Evening,24.5
INC-2025-0412,2025-01-06 18:00:00,2025-01-06,Phishing,API Key Abuse,Low,58616.0,Educational Institution,Latin America,CN,Email Gateway,Evening,16.9
INC-2025-0413,2025-02-27 12:00:00,2025-02-27,DDoS Attack,SQL Injection,High,213547.0,Educational Institution,Asia-Pacific,CA,Active Directory,Evening,78.1
INC-2025-0414,2025-07-29 15:00:00,2025-07-29,Phishing,Man-in-the-Middle,Medium,5992.0,Financial Service,Latin America,JP,Identity Provider,Night,57.1
INC-2025-0415,2025-07-03 11:00:00,2025-07-03,Phishing,Brute Force,Low,44919.0,E-Commerce,North America,CN,POS Terminal,Afternoon,21.8
INC-2025-0416,2025-12-26 09:00:00,2025-12-26,Phishing,Ransomware Binary,Medium,76033.0,Government,Asia-Pacific,JP,Web Application,Evening,16.1
INC-2025-0417,2025-04-15 20:00:00,2025-04-15,Insider Threat,Man-in-the-Middle,Critical,242971.0,Tech Enterprise,Europe,BR,Active Directory,Evening,77.6
INC-2025-0418,2025-09-03 01:00:00,2025-09-03,Ransomware,Man-in-the-Middle,Critical,689104.0,Educational Institution,Asia-Pacific,CA,Web Application,Morning,50.5
INC-2025-0419,2025-10-21 14:00:00,2025-10-21,Financial Fraud,SQL Injection,Low,273733.0,Financial Service,Europe,DE,Email Gateway,Morning,46.6
INC-2025-0420,2025-04-01 17:00:00,2025-04-01,Phishing,SQL Injection,High,2987.0,E-Commerce,Latin America,RU,Email Gateway,Night,85.6
INC-2025-0421,2025-12-11 19:00:00,2025-12-11,DDoS Attack,Brute Force,Medium,146449.0,E-Commerce,Middle East,IN,Web Application,Night,33.2
INC-2025-0422,2025-02-28 15:00:00,2025-02-28,Phishing,Ransomware Binary,Low,17968.0,Healthcare,North America,JP,Active Directory,Evening,36.4
INC-2025-0423,2025-03-31 12:00:00,2025-03-31,DDoS Attack,SQL Injection,Medium,271150.0,E-Commerce,Middle East,UK,Active Directory,Afternoon,8.8
INC-2025-0424,2025-09-04 19:00:00,2025-09-04,Financial Fraud,API Key Abuse,Critical,99881.0,Financial Service,Latin America,US,Email Gateway,Night,73.7
INC-2025-0425,2025-07-01 09:00:00,2025-07-01,Data Exfiltration,Spear Phishing Email,High,229689.0,Educational Institution,Asia-Pacific,JP,Email Gateway,Evening,71.4
INC-2025-0426,2025-06-15 16:00:00,2025-06-15,Phishing,Ransomware Binary,Low,9848.0,Educational Institution,Middle East,UK,POS Terminal,Afternoon,41.5
INC-2025-0427,2025-10-10 12:00:00,2025-10-10,Phishing,Man-in-the-Middle,High,66333.0,Government,Latin America,UK,Web Application,Afternoon,37.0
INC-2025-0428,2025-10-30 04:00:00,2025-10-30,Phishing,API Key Abuse,Medium,23553.0,Healthcare,Latin America,UK,Email Gateway,Evening,29.2
INC-2025-0429,2025-01-14 13:00:00,2025-01-14,DDoS Attack,Zero-day Exploit,Medium,10368.0,Tech Enterprise,Asia-Pacific,RU,Cloud Database,Evening,33.0
INC-2025-0430,2025-02-13 07:00:00,2025-02-13,Ransomware,SQL Injection,Critical,685311.0,E-Commerce,Middle East,US,POS Terminal,Afternoon,54.4
INC-2025-0431,2025-11-10 13:00:00,2025-11-10,Phishing,Man-in-the-Middle,High,62381.0,Educational Institution,Latin America,JP,POS Terminal,Night,51.4
INC-2025-0432,2025-07-13 02:00:00,2025-07-13,Financial Fraud,Ransomware Binary,Low,253044.0,Educational Institution,Asia-Pacific,NL,Web Application,Afternoon,24.4
INC-2025-0433,2025-05-05 15:00:00,2025-05-05,Malware Outbreak,Man-in-the-Middle,Medium,37966.0,Healthcare,Europe,DE,Web Application,Morning,57.0
INC-2025-0434,2025-12-16 05:00:00,2025-12-16,Ransomware,Zero-day Exploit,Critical,462310.0,Healthcare,Middle East,BR,Web Application,Evening,56.6
INC-2025-0435,2025-04-06 08:00:00,2025-04-06,Credential Theft,Zero-day Exploit,High,55599.0,Government,Asia-Pacific,CA,POS Terminal,Evening,75.1
INC-2025-0436,2025-10-24 18:00:00,2025-10-24,Data Exfiltration,SQL Injection,High,93856.0,E-Commerce,Africa,JP,Email Gateway,Evening,38.5
INC-2025-0437,2025-09-24 12:00:00,2025-09-24,Malware Outbreak,SQL Injection,Medium,85726.0,Financial Service,Europe,US,POS Terminal,Morning,59.7
INC-2025-0438,2025-03-10 14:00:00,2025-03-10,Phishing,Zero-day Exploit,Medium,86166.0,Critical Infrastructure,Africa,NL,Active Directory,Afternoon,51.1
INC-2025-0439,2025-07-25 09:00:00,2025-07-25,Phishing,Man-in-the-Middle,Medium,2609.0,Tech Enterprise,North America,NL,Email Gateway,Evening,32.1
INC-2025-0440,2025-01-11 20:00:00,2025-01-11,DDoS Attack,Zero-day Exploit,Low,43346.0,E-Commerce,Africa,IN,Cloud Database,Night,23.7
INC-2025-0441,2025-02-23 10:00:00,2025-02-23,Ransomware,Zero-day Exploit,Critical,730913.0,,Middle East,CA,Email Gateway,Morning,62.6
INC-2025-0442,2025-09-03 01:00:00,2025-09-03,Financial Fraud,API Key Abuse,Medium,232203.0,Healthcare,Asia-Pacific,JP,Email Gateway,Evening,34.6
INC-2025-0443,2025-01-17 16:00:00,2025-01-17,Phishing,SQL Injection,Medium,29202.0,E-Commerce,Europe,BR,Active Directory,Afternoon,44.5
INC-2025-0444,2025-03-12 12:00:00,2025-03-12,Ransomware,SQL Injection,High,165657.0,Critical Infrastructure,Latin America,DE,Web Application,Evening,56.8
INC-2025-0445,2025-04-16 20:00:00,2025-04-16,Credential Theft,API Key Abuse,Medium,279892.0,Critical Infrastructure,Middle East,BR,Cloud Database,Afternoon,44.1
INC-2025-0446,2025-05-26 04:00:00,2025-05-26,Ransomware,Zero-day Exploit,High,91743.0,Educational Institution,Latin America,RU,Identity Provider,Morning,75.7
INC-2025-0447,2025-06-29 19:00:00,2025-06-29,Phishing,Ransomware Binary,Low,36349.0,Government,Asia-Pacific,UK,Email Gateway,Night,23.9
INC-2025-0448,2025-02-19 17:00:00,2025-02-19,DDoS Attack,Spear Phishing Email,Low,219303.0,E-Commerce,Latin America,IN,Email Gateway,Evening,29.5
INC-2025-0449,2025-10-17 12:00:00,2025-10-17,Ransomware,Zero-day Exploit,Low,94331.0,Financial Service,Middle East,RU,Web Application,Night,44.1
INC-2025-0450,2025-12-18 15:00:00,2025-12-18,DDoS Attack,SQL Injection,Medium,103064.0,Educational Institution,Middle East,JP,Cloud Database,Evening,51.7
INC-2025-0451,2025-11-02 11:00:00,2025-11-02,Credential Theft,SQL Injection,High,180982.0,Healthcare,Europe,JP,Active Directory,Night,75.0
INC-2025-0452,2025-11-27 12:00:00,2025-11-27,Phishing,Brute Force,Critical,,Government,Latin America,RU,Identity Provider,Evening,54.1
INC-2025-0453,2025-11-12 21:00:00,2025-11-12,DDoS Attack,Zero-day Exploit,High,150281.0,Financial Service,Middle East,CA,Active Directory,Afternoon,40.2
INC-2025-0454,2025-02-11 14:00:00,2025-02-11,Phishing,Social Engineering,Medium,59741.0,E-Commerce,Africa,UK,Cloud Database,Night,27.1
INC-2025-0455,2025-06-09 01:00:00,2025-06-09,Insider Threat,Brute Force,Critical,93169.0,Healthcare,North America,CA,Cloud Database,Afternoon,50.0
INC-2025-0456,2025-05-04 03:00:00,2025-05-04,Financial Fraud,API Key Abuse,High,33992.0,Educational Institution,Asia-Pacific,CN,Cloud Database,Afternoon,61.4
INC-2025-0457,2025-05-05 06:00:00,2025-05-05,Ransomware,API Key Abuse,Critical,606371.0,Educational Institution,Middle East,CN,Email Gateway,Afternoon,53.4
INC-2025-0458,2025-02-05 12:00:00,2025-02-05,Malware Outbreak,SQL Injection,Low,6573.0,Critical Infrastructure,Africa,BR,Cloud Database,Night,35.0
INC-2025-0459,2025-07-14 22:00:00,2025-07-14,DDoS Attack,SQL Injection,High,85165.0,Government,Africa,IN,Email Gateway,Afternoon,74.8
INC-2025-0460,2025-11-13 06:00:00,2025-11-13,DDoS Attack,Spear Phishing Email,High,262165.0,Educational Institution,Latin America,US,Cloud Database,Afternoon,47.9
INC-2025-0461,2025-12-09 07:00:00,2025-12-09,Malware Outbreak,Zero-day Exploit,Medium,37634.0,Government,North America,DE,POS Terminal,Morning,19.8
INC-2025-0462,2025-10-15 07:00:00,2025-10-15,Credential Theft,Ransomware Binary,Low,74590.0,E-Commerce,Asia-Pacific,BR,POS Terminal,Morning,19.1
INC-2025-0463,2025-10-05 01:00:00,2025-10-05,Credential Theft,Ransomware Binary,High,45542.0,Financial Service,North America,BR,Active Directory,Evening,41.6
INC-2025-0464,2025-02-23 15:00:00,2025-02-23,Phishing,API Key Abuse,Critical,51519.0,Government,Latin America,RU,Cloud Database,Evening,87.6
INC-2025-0465,2025-12-06 05:00:00,2025-12-06,Ransomware,API Key Abuse,High,144913.0,Financial Service,Asia-Pacific,RU,Web Application,Evening,89.9
INC-2025-0466,2025-06-16 03:00:00,2025-06-16,Phishing,SQL Injection,High,102448.0,Government,Africa,RU,Email Gateway,Evening,76.8
INC-2025-0467,2025-03-27 19:00:00,2025-03-27,DDoS Attack,Social Engineering,High,188736.0,Government,Asia-Pacific,JP,Active Directory,Night,86.7
INC-2025-0468,2025-03-18 08:00:00,2025-03-18,Data Exfiltration,Man-in-the-Middle,High,541818.0,Critical Infrastructure,Asia-Pacific,IN,POS Terminal,Night,64.4
INC-2025-0469,2025-02-11 10:00:00,2025-02-11,Credential Theft,API Key Abuse,Medium,343585.0,Educational Institution,Africa,BR,Email Gateway,Morning,35.0
INC-2025-0470,2025-02-21 21:00:00,2025-02-21,DDoS Attack,Spear Phishing Email,Critical,6466.0,Tech Enterprise,Asia-Pacific,IN,Web Application,Night,56.2
INC-2025-0471,2025-02-20 20:00:00,2025-02-20,Phishing,Zero-day Exploit,High,97907.0,Financial Service,Middle East,NL,Web Application,Afternoon,90.9
INC-2025-0472,2025-11-01 06:00:00,2025-11-01,Ransomware,SQL Injection,Critical,845722.0,Educational Institution,Europe,UK,Cloud Database,Evening,68.3
INC-2025-0473,2025-01-26 21:00:00,2025-01-26,Financial Fraud,Zero-day Exploit,High,193728.0,Educational Institution,Africa,RU,Email Gateway,Night,52.9
INC-2025-0474,2025-04-03 12:00:00,2025-04-03,Data Exfiltration,Man-in-the-Middle,Medium,609603.0,Tech Enterprise,Africa,JP,Cloud Database,Evening,34.0
INC-2025-0475,2025-09-03 19:00:00,2025-09-03,Phishing,Brute Force,Medium,73255.0,Financial Service,Europe,IN,Email Gateway,Morning,20.4
INC-2025-0476,2025-11-02 05:00:00,2025-11-02,Data Exfiltration,Spear Phishing Email,Medium,133384.0,Government,Latin America,US,Cloud Database,Night,5.0
INC-2025-0477,2025-08-06 03:00:00,2025-08-06,Ransomware,Zero-day Exploit,Low,460243.0,Financial Service,Middle East,RU,Web Application,Night,67.5
INC-2025-0478,2025-10-10 13:00:00,2025-10-10,Financial Fraud,Zero-day Exploit,Medium,207538.0,Financial Service,Europe,RU,POS Terminal,Evening,52.9
INC-2025-0479,2025-02-08 08:00:00,2025-02-08,Ransomware,Social Engineering,Medium,545919.0,Educational Institution,Latin America,CN,Identity Provider,Morning,69.1
INC-2025-0480,2025-12-12 22:00:00,2025-12-12,Phishing,Social Engineering,Low,50593.0,Healthcare,Middle East,UK,Email Gateway,Night,28.9
INC-2025-0481,2025-04-05 04:00:00,2025-04-05,Phishing,Ransomware Binary,Medium,78713.0,Educational Institution,Asia-Pacific,IN,Cloud Database,Afternoon,41.0
INC-2025-0482,2025-04-27 14:00:00,2025-04-27,Phishing,API Key Abuse,Low,35493.0,Healthcare,Latin America,IN,Web Application,Night,27.7
INC-2025-0483,2025-08-24 05:00:00,2025-08-24,Phishing,Brute Force,Low,49849.0,Government,Europe,BR,POS Terminal,Afternoon,30.6
INC-2025-0484,2025-06-21 05:00:00,2025-06-21,Ransomware,Zero-day Exploit,Critical,723217.0,Healthcare,North America,IN,Cloud Database,Morning,43.3
INC-2025-0485,2025-08-12 18:00:00,2025-08-12,Credential Theft,Man-in-the-Middle,Critical,338478.0,E-Commerce,Africa,DE,Web Application,Afternoon,81.5
INC-2025-0486,2025-09-28 06:00:00,2025-09-28,Ransomware,Brute Force,High,127606.0,E-Commerce,Asia-Pacific,RU,POS Terminal,Afternoon,94.0
INC-2025-0487,2025-04-21 05:00:00,2025-04-21,Phishing,API Key Abuse,Medium,6515.0,Tech Enterprise,Europe,BR,Active Directory,Evening,5.0
INC-2025-0488,2025-11-29 02:00:00,2025-11-29,Phishing,Social Engineering,Medium,12279.0,Financial Service,Latin America,DE,Cloud Database,Evening,65.8
INC-2025-0489,2025-04-23 04:00:00,2025-04-23,Phishing,Ransomware Binary,High,101117.0,Educational Institution,North America,NL,Identity Provider,Night,35.6
INC-2025-0490,2025-11-30 08:00:00,2025-11-30,Data Exfiltration,SQL Injection,Medium,80063.0,Critical Infrastructure,North America,IN,POS Terminal,Afternoon,26.5
INC-2025-0491,2025-05-21 10:00:00,2025-05-21,DDoS Attack,Brute Force,Low,319557.0,Critical Infrastructure,North America,RU,POS Terminal,Night,23.2
INC-2025-0492,2025-03-09 13:00:00,2025-03-09,Credential Theft,Man-in-the-Middle,High,130659.0,Financial Service,Europe,RU,Identity Provider,Night,66.5
INC-2025-0493,2025-09-26 04:00:00,2025-09-26,Credential Theft,Man-in-the-Middle,Medium,228660.0,Tech Enterprise,Middle East,CN,Active Directory,Evening,44.3
INC-2025-0494,2025-05-27 02:00:00,2025-05-27,Credential Theft,API Key Abuse,Medium,336466.0,Tech Enterprise,Middle East,CA,Email Gateway,Afternoon,50.6
INC-2025-0495,2025-08-02 22:00:00,2025-08-02,Financial Fraud,SQL Injection,Medium,26042.0,Critical Infrastructure,Asia-Pacific,US,POS Terminal,Night,25.9
INC-2025-0496,2025-04-09 01:00:00,2025-04-09,Financial Fraud,Social Engineering,Low,192428.0,Tech Enterprise,Asia-Pacific,JP,Email Gateway,Morning,47.4
INC-2025-0497,2025-06-22 13:00:00,2025-06-22,DDoS Attack,SQL Injection,Critical,181111.0,E-Commerce,North America,NL,Cloud Database,Afternoon,39.0
INC-2025-0498,2025-12-18 12:00:00,2025-12-18,Ransomware,Man-in-the-Middle,Critical,230074.0,Government,Europe,IN,Cloud Database,Morning,93.2
INC-2025-0499,2025-03-29 18:00:00,2025-03-29,Credential Theft,API Key Abuse,Medium,108889.0,Tech Enterprise,Europe,BR,POS Terminal,Afternoon,26.9
INC-2025-0500,2025-01-21 07:00:00,2025-01-21,Ransomware,Social Engineering,High,483950.0,E-Commerce,Middle East,US,Active Directory,Morning,75.7
INC-2025-0501,2025-01-25 17:00:00,2025-01-25,Malware Outbreak,SQL Injection,Medium,24464.0,E-Commerce,Africa,UK,Web Application,Evening,47.5
INC-2025-0502,2025-05-26 16:00:00,2025-05-26,DDoS Attack,Man-in-the-Middle,Low,207258.0,Critical Infrastructure,Middle East,JP,Web Application,Evening,32.4
INC-2025-0503,2025-05-06 10:00:00,2025-05-06,Malware Outbreak,SQL Injection,Low,62360.0,E-Commerce,Asia-Pacific,IN,POS Terminal,Morning,9.4
INC-2025-0504,2025-12-02 11:00:00,2025-12-02,Insider Threat,Brute Force,High,171897.0,Tech Enterprise,Europe,CN,Cloud Database,Morning,77.3
INC-2025-0505,2025-12-27 15:00:00,2025-12-27,DDoS Attack,Social Engineering,Medium,281319.0,Healthcare,Africa,NL,Active Directory,Afternoon,43.4
INC-2025-0506,2025-01-15 03:00:00,2025-01-15,Ransomware,SQL Injection,High,492846.0,Tech Enterprise,North America,NL,Identity Provider,Night,52.8
INC-2025-0507,2025-03-10 22:00:00,2025-03-10,Ransomware,API Key Abuse,Medium,844419.0,Tech Enterprise,Europe,BR,Identity Provider,Morning,51.0
INC-2025-0508,2025-07-10 13:00:00,2025-07-10,Insider Threat,API Key Abuse,Medium,312210.0,Financial Service,Africa,DE,POS Terminal,Evening,43.4
INC-2025-0509,2025-09-25 04:00:00,2025-09-25,Malware Outbreak,Zero-day Exploit,High,13940.0,Critical Infrastructure,Europe,UK,Active Directory,Evening,76.7
INC-2025-0510,2025-07-25 18:00:00,2025-07-25,DDoS Attack,Man-in-the-Middle,High,328228.0,E-Commerce,North America,CN,Active Directory,Night,53.1
INC-2025-0511,2025-05-02 06:00:00,2025-05-02,Phishing,Social Engineering,Medium,4084.0,Government,Europe,RU,Identity Provider,Evening,55.8
INC-2025-0512,2025-11-14 15:00:00,2025-11-14,DDoS Attack,Man-in-the-Middle,High,228034.0,Financial Service,Latin America,NL,Active Directory,Evening,77.2
INC-2025-0513,2025-11-01 15:00:00,2025-11-01,Insider Threat,Ransomware Binary,Medium,819565.0,Healthcare,Latin America,BR,POS Terminal,Afternoon,20.2
INC-2025-0514,2025-01-10 01:00:00,2025-01-10,Credential Theft,Social Engineering,Critical,233506.0,Critical Infrastructure,North America,UK,Identity Provider,Evening,64.5
INC-2025-0515,2025-06-01 10:00:00,2025-06-01,Financial Fraud,Ransomware Binary,Medium,200245.0,Healthcare,Latin America,RU,POS Terminal,Afternoon,19.3
INC-2025-0516,2025-02-23 23:00:00,2025-02-23,Phishing,Brute Force,Critical,113660.0,Tech Enterprise,Africa,JP,POS Terminal,Night,65.4
INC-2025-0517,2025-04-19 00:00:00,2025-04-19,Ransomware,Ransomware Binary,Critical,458456.0,Educational Institution,Latin America,RU,POS Terminal,Evening,53.6
INC-2025-0518,2025-08-18 06:00:00,2025-08-18,Phishing,Man-in-the-Middle,High,51906.0,Critical Infrastructure,North America,CA,Web Application,Morning,67.7
INC-2025-0519,2025-07-28 02:00:00,2025-07-28,Phishing,SQL Injection,Medium,55970.0,E-Commerce,Middle East,US,Active Directory,Night,23.5
INC-2025-0520,2025-12-01 14:00:00,2025-12-01,Phishing,Zero-day Exploit,Medium,119257.0,Educational Institution,Asia-Pacific,CN,Active Directory,Evening,5.0
INC-2025-0521,2025-12-20 23:00:00,2025-12-20,Ransomware,Brute Force,High,809144.0,Educational Institution,Latin America,US,Web Application,Morning,65.9
INC-2025-0522,2025-12-15 01:00:00,2025-12-15,Phishing,API Key Abuse,Medium,26464.0,Healthcare,Africa,IN,Web Application,Evening,40.2
INC-2025-0523,2025-12-13 21:00:00,2025-12-13,Credential Theft,Social Engineering,Medium,88981.0,Financial Service,Africa,BR,Web Application,Morning,5.0
INC-2025-0524,2025-05-08 16:00:00,2025-05-08,Financial Fraud,Brute Force,Critical,286209.0,Government,North America,CA,Identity Provider,Night,44.0
INC-2025-0525,2025-11-21 04:00:00,2025-11-21,Credential Theft,Zero-day Exploit,High,212440.0,Financial Service,Middle East,JP,Cloud Database,Morning,61.6
INC-2025-0526,2025-11-16 21:00:00,2025-11-16,Financial Fraud,Zero-day Exploit,Low,176349.0,Educational Institution,Europe,IN,Web Application,Afternoon,44.3
INC-2025-0527,2025-04-07 00:00:00,2025-04-07,Insider Threat,Spear Phishing Email,Critical,466704.0,Healthcare,Asia-Pacific,US,Active Directory,Afternoon,65.5
INC-2025-0528,2025-10-17 22:00:00,2025-10-17,Phishing,SQL Injection,Critical,118053.0,Healthcare,Europe,JP,Cloud Database,Morning,49.4
INC-2025-0529,2025-06-20 06:00:00,2025-06-20,Phishing,Ransomware Binary,Medium,1228.0,Healthcare,Africa,RU,Email Gateway,Afternoon,38.0
INC-2025-0530,2025-05-26 09:00:00,2025-05-26,Credential Theft,SQL Injection,Critical,339071.0,Tech Enterprise,Africa,UK,Identity Provider,Morning,67.5
INC-2025-0531,2025-10-12 20:00:00,2025-10-12,Malware Outbreak,Spear Phishing Email,High,68946.0,Tech Enterprise,Latin America,CA,POS Terminal,Night,82.1
INC-2025-0532,2025-11-24 00:00:00,2025-11-24,Financial Fraud,Man-in-the-Middle,Critical,198946.0,Educational Institution,North America,US,POS Terminal,Afternoon,66.7
INC-2025-0533,2025-01-22 10:00:00,2025-01-22,Credential Theft,API Key Abuse,Medium,158885.0,Financial Service,Europe,CN,Cloud Database,Evening,34.8
INC-2025-0534,2025-07-26 13:00:00,2025-07-26,Ransomware,Zero-day Exploit,High,804981.0,Educational Institution,Asia-Pacific,JP,POS Terminal,Morning,78.7
INC-2025-0535,2025-11-04 20:00:00,2025-11-04,Phishing,Brute Force,High,65384.0,Government,North America,DE,Web Application,Night,52.9
INC-2025-0536,2025-12-02 00:00:00,2025-12-02,Phishing,Social Engineering,Medium,24065.0,Critical Infrastructure,Europe,US,Cloud Database,Evening,36.3
INC-2025-0537,2025-12-01 01:00:00,2025-12-01,Malware Outbreak,SQL Injection,Medium,68691.0,Educational Institution,Asia-Pacific,CN,Identity Provider,Afternoon,14.2
INC-2025-0538,2025-10-15 08:00:00,2025-10-15,Ransomware,Social Engineering,Critical,841701.0,Critical Infrastructure,North America,UK,Web Application,Afternoon,41.0
INC-2025-0539,2025-10-06 22:00:00,2025-10-06,Phishing,Zero-day Exploit,Low,77896.0,Tech Enterprise,Latin America,IN,POS Terminal,Morning,33.0
INC-2025-0540,2025-12-02 22:00:00,2025-12-02,Insider Threat,Zero-day Exploit,Critical,221616.0,Educational Institution,Africa,CA,POS Terminal,Evening,71.2
INC-2025-0541,2025-06-18 22:00:00,2025-06-18,DDoS Attack,Social Engineering,Low,330800.0,Tech Enterprise,Europe,IN,Cloud Database,Morning,45.8
INC-2025-0542,2025-01-10 06:00:00,2025-01-10,Credential Theft,SQL Injection,High,8174.0,Healthcare,Europe,BR,Web Application,Afternoon,73.1
INC-2025-0543,2025-06-19 18:00:00,2025-06-19,Phishing,Spear Phishing Email,Low,112806.0,Financial Service,Africa,US,Email Gateway,Evening,52.7
INC-2025-0544,2025-01-13 14:00:00,2025-01-13,Financial Fraud,Zero-day Exploit,Medium,77902.0,Financial Service,Latin America,UK,Identity Provider,Morning,60.1
INC-2025-0545,2025-06-15 08:00:00,2025-06-15,Financial Fraud,Spear Phishing Email,High,155644.0,E-Commerce,North America,CN,Cloud Database,Night,57.0
INC-2025-0546,2025-04-27 17:00:00,2025-04-27,Phishing,Spear Phishing Email,Medium,30968.0,Educational Institution,Europe,DE,Web Application,Afternoon,31.0
INC-2025-0547,2025-10-01 09:00:00,2025-10-01,Malware Outbreak,Man-in-the-Middle,Low,116600.0,Financial Service,Middle East,BR,Identity Provider,Evening,18.5
INC-2025-0548,2025-09-22 12:00:00,2025-09-22,Insider Threat,Man-in-the-Middle,High,344507.0,Tech Enterprise,Asia-Pacific,DE,POS Terminal,Afternoon,42.8
INC-2025-0549,2025-04-02 16:00:00,2025-04-02,Malware Outbreak,Spear Phishing Email,Medium,8853.0,Healthcare,North America,CA,POS Terminal,Morning,26.4
INC-2025-0550,2025-05-11 10:00:00,2025-05-11,Ransomware,SQL Injection,Critical,274062.0,Financial Service,Europe,RU,Active Directory,Night,21.5
INC-2025-0551,2025-07-08 21:00:00,2025-07-08,Malware Outbreak,API Key Abuse,Medium,40779.0,Healthcare,Africa,CA,Web Application,Evening,26.7
INC-2025-0552,2025-08-21 13:00:00,2025-08-21,Ransomware,Man-in-the-Middle,High,405398.0,Government,Europe,CA,Email Gateway,Evening,63.0
INC-2025-0553,2025-03-09 10:00:00,2025-03-09,Credential Theft,Spear Phishing Email,Medium,204618.0,Financial Service,Latin America,CA,Active Directory,Morning,53.4
INC-2025-0554,2025-05-29 15:00:00,2025-05-29,Insider Threat,Man-in-the-Middle,Critical,732265.0,Critical Infrastructure,Europe,CA,Cloud Database,Evening,71.8
INC-2025-0555,2025-05-10 19:00:00,2025-05-10,Phishing,API Key Abuse,Medium,7447.0,Critical Infrastructure,Africa,RU,Identity Provider,Night,63.6
INC-2025-0556,2025-10-05 17:00:00,2025-10-05,DDoS Attack,Ransomware Binary,Medium,311531.0,Critical Infrastructure,Latin America,UK,Email Gateway,Morning,33.9
INC-2025-0557,2025-09-19 19:00:00,2025-09-19,Ransomware,API Key Abuse,High,819042.0,Government,Asia-Pacific,CA,Web Application,Evening,73.1
INC-2025-0558,2025-01-17 20:00:00,2025-01-17,Financial Fraud,Spear Phishing Email,High,330724.0,E-Commerce,North America,UK,Identity Provider,Night,71.4
INC-2025-0559,2025-09-23 11:00:00,2025-09-23,Insider Threat,API Key Abuse,Critical,79709.0,Financial Service,North America,RU,Email Gateway,Evening,84.7
INC-2025-0560,2025-12-20 09:00:00,2025-12-20,Credential Theft,SQL Injection,Low,130865.0,E-Commerce,Africa,NL,Active Directory,Afternoon,37.0
INC-2025-0561,2025-12-20 05:00:00,2025-12-20,Insider Threat,Zero-day Exploit,Medium,844953.0,Tech Enterprise,North America,NL,Identity Provider,Night,43.5
INC-2025-0562,2025-07-31 15:00:00,2025-07-31,Ransomware,SQL Injection,High,248153.0,Critical Infrastructure,Middle East,CA,Active Directory,Morning,49.3
INC-2025-0563,2025-05-29 11:00:00,2025-05-29,DDoS Attack,Ransomware Binary,High,276189.0,Tech Enterprise,North America,US,Identity Provider,Afternoon,73.3
INC-2025-0564,2025-11-26 22:00:00,2025-11-26,Financial Fraud,Social Engineering,Medium,89523.0,Educational Institution,Europe,UK,Cloud Database,Evening,32.1
INC-2025-0565,2025-07-19 20:00:00,2025-07-19,Insider Threat,Man-in-the-Middle,High,688071.0,Educational Institution,North America,CN,Active Directory,Morning,100.0
INC-2025-0566,2025-03-15 13:00:00,2025-03-15,Credential Theft,SQL Injection,Medium,56482.0,Financial Service,Latin America,CA,Identity Provider,Afternoon,40.7
INC-2025-0567,2025-08-20 22:00:00,2025-08-20,Credential Theft,API Key Abuse,Low,46139.0,Healthcare,North America,DE,Identity Provider,Night,52.7
INC-2025-0568,2025-09-11 23:00:00,2025-09-11,Credential Theft,Zero-day Exploit,Medium,130549.0,E-Commerce,Africa,DE,Identity Provider,Evening,31.8
INC-2025-0569,2025-06-10 14:00:00,2025-06-10,Insider Threat,Brute Force,Critical,397299.0,Healthcare,Asia-Pacific,CN,Web Application,Afternoon,67.2
INC-2025-0570,2025-05-20 23:00:00,2025-05-20,Credential Theft,API Key Abuse,Medium,,,Middle East,NL,Identity Provider,Morning,7.6
INC-2025-0571,2025-10-12 02:00:00,2025-10-12,Credential Theft,Zero-day Exploit,Medium,30938.0,Healthcare,Latin America,CN,POS Terminal,Night,37.9
INC-2025-0572,2025-09-15 04:00:00,2025-09-15,Data Exfiltration,Social Engineering,Critical,454427.0,Tech Enterprise,Europe,CA,Active Directory,Night,82.2
INC-2025-0573,2025-09-28 04:00:00,2025-09-28,Phishing,Ransomware Binary,High,60935.0,Critical Infrastructure,Middle East,NL,Web Application,Afternoon,44.4
INC-2025-0574,2025-02-09 02:00:00,2025-02-09,Ransomware,Zero-day Exploit,High,379478.0,Tech Enterprise,Latin America,DE,Email Gateway,Morning,67.5
INC-2025-0575,2025-05-31 20:00:00,2025-05-31,Phishing,SQL Injection,Medium,87436.0,Government,Middle East,IN,POS Terminal,Night,17.4
INC-2025-0576,2025-12-28 11:00:00,2025-12-28,Ransomware,API Key Abuse,High,106116.0,Critical Infrastructure,Europe,DE,Cloud Database,Night,63.4
INC-2025-0577,2025-10-11 23:00:00,2025-10-11,Credential Theft,Social Engineering,Critical,148029.0,E-Commerce,Europe,CA,Email Gateway,Night,61.5
INC-2025-0578,2025-04-11 18:00:00,2025-04-11,DDoS Attack,API Key Abuse,High,251983.0,Healthcare,Asia-Pacific,NL,Email Gateway,Evening,45.1
INC-2025-0579,2025-01-04 17:00:00,2025-01-04,Phishing,Brute Force,Low,118257.0,Tech Enterprise,Latin America,CN,Active Directory,Morning,33.0
INC-2025-0580,2025-03-04 22:00:00,2025-03-04,Credential Theft,Social Engineering,Critical,110386.0,Healthcare,North America,BR,Web Application,Morning,59.4
INC-2025-0581,2025-03-17 19:00:00,2025-03-17,Phishing,Zero-day Exploit,High,102711.0,Tech Enterprise,Europe,US,POS Terminal,Evening,61.4
INC-2025-0582,2025-03-31 16:00:00,2025-03-31,Financial Fraud,Ransomware Binary,Critical,45870.0,Educational Institution,Africa,IN,Email Gateway,Night,36.6
INC-2025-0583,2025-02-18 23:00:00,2025-02-18,Insider Threat,Spear Phishing Email,High,330790.0,Tech Enterprise,Asia-Pacific,CN,Cloud Database,Night,69.4
INC-2025-0584,2025-01-27 03:00:00,2025-01-27,Ransomware,Spear Phishing Email,Critical,515806.0,Educational Institution,Latin America,BR,POS Terminal,Afternoon,59.6
INC-2025-0585,2025-03-17 22:00:00,2025-03-17,DDoS Attack,Zero-day Exploit,Critical,126648.0,Educational Institution,Middle East,BR,Active Directory,Night,60.3
INC-2025-0586,2025-02-14 17:00:00,2025-02-14,Credential Theft,API Key Abuse,Medium,304340.0,Educational Institution,Africa,BR,Active Directory,Night,41.3
INC-2025-0587,2025-04-27 03:00:00,2025-04-27,Financial Fraud,Social Engineering,Medium,98944.0,Tech Enterprise,Europe,CA,Cloud Database,Morning,52.1
INC-2025-0588,2025-05-08 18:00:00,2025-05-08,Phishing,Zero-day Exploit,Medium,67917.0,E-Commerce,North America,US,Email Gateway,Morning,28.4
INC-2025-0589,2025-02-27 19:00:00,2025-02-27,Insider Threat,Spear Phishing Email,Low,357268.0,Tech Enterprise,Asia-Pacific,BR,Identity Provider,Morning,15.4
INC-2025-0590,2025-02-12 16:00:00,2025-02-12,Phishing,Man-in-the-Middle,High,40132.0,Critical Infrastructure,Europe,CA,Email Gateway,Morning,94.0
INC-2025-0591,2025-03-21 23:00:00,2025-03-21,Malware Outbreak,Zero-day Exploit,Medium,119910.0,E-Commerce,Middle East,CN,Email Gateway,Morning,49.6
INC-2025-0592,2025-10-04 02:00:00,2025-10-04,Ransomware,Man-in-the-Middle,Critical,198866.0,Financial Service,Asia-Pacific,NL,Web Application,Afternoon,66.8
INC-2025-0593,2025-12-20 20:00:00,2025-12-20,Phishing,SQL Injection,Medium,97364.0,Educational Institution,Asia-Pacific,DE,Web Application,Morning,62.4
INC-2025-0594,2025-07-30 23:00:00,2025-07-30,Malware Outbreak,Spear Phishing Email,Medium,77050.0,Tech Enterprise,Africa,CA,Identity Provider,Evening,31.4
INC-2025-0595,2025-01-19 16:00:00,2025-01-19,Credential Theft,Spear Phishing Email,Low,167403.0,Educational Institution,Asia-Pacific,IN,Cloud Database,Evening,41.3
INC-2025-0596,2025-07-16 11:00:00,2025-07-16,Credential Theft,Social Engineering,Low,320288.0,Critical Infrastructure,Middle East,NL,Active Directory,Evening,30.1
INC-2025-0597,2025-07-30 11:00:00,2025-07-30,Phishing,Social Engineering,Medium,88096.0,Government,Asia-Pacific,BR,Cloud Database,Morning,37.7
INC-2025-0598,2025-11-11 06:00:00,2025-11-11,Phishing,Spear Phishing Email,Low,89442.0,Critical Infrastructure,Africa,CN,Email Gateway,Night,5.0
INC-2025-0599,2025-03-13 21:00:00,2025-03-13,Credential Theft,Zero-day Exploit,High,34777.0,Critical Infrastructure,Europe,UK,POS Terminal,Evening,68.2
INC-2025-0600,2025-06-28 02:00:00,2025-06-28,DDoS Attack,Spear Phishing Email,Medium,260230.0,Healthcare,Middle East,BR,Active Directory,Night,43.6
INC-2025-0601,2025-05-30 22:00:00,2025-05-30,Credential Theft,SQL Injection,Low,220757.0,Tech Enterprise,Latin America,JP,Cloud Database,Morning,30.4
INC-2025-0602,2025-04-18 17:00:00,2025-04-18,Insider Threat,API Key Abuse,High,809940.0,Healthcare,Africa,IN,Identity Provider,Afternoon,58.5
INC-2025-0603,2025-07-15 06:00:00,2025-07-15,Credential Theft,Ransomware Binary,High,334744.0,Critical Infrastructure,Asia-Pacific,IN,Identity Provider,Afternoon,82.4
INC-2025-0604,2025-02-13 14:00:00,2025-02-13,Credential Theft,Social Engineering,High,144133.0,Educational Institution,Africa,CN,Web Application,Afternoon,79.6
INC-2025-0605,2025-02-20 02:00:00,2025-02-20,Ransomware,Brute Force,Medium,832409.0,Financial Service,Middle East,JP,Identity Provider,Night,34.6
INC-2025-0606,2025-07-30 04:00:00,2025-07-30,Phishing,Man-in-the-Middle,Low,49773.0,Healthcare,North America,RU,Web Application,Night,23.5
INC-2025-0607,2025-12-23 07:00:00,2025-12-23,Financial Fraud,Man-in-the-Middle,Critical,261323.0,Critical Infrastructure,North America,JP,Web Application,Night,51.7
INC-2025-0608,2025-08-20 16:00:00,2025-08-20,Insider Threat,Social Engineering,High,63731.0,Government,North America,NL,Identity Provider,Morning,85.4
INC-2025-0609,2025-01-22 14:00:00,2025-01-22,Insider Threat,Zero-day Exploit,High,127994.0,Healthcare,North America,NL,Email Gateway,Night,82.1
INC-2025-0610,2025-08-06 10:00:00,2025-08-06,Credential Theft,Brute Force,Medium,161164.0,Educational Institution,Middle East,JP,Identity Provider,Afternoon,72.5
INC-2025-0611,2025-11-23 12:00:00,2025-11-23,Insider Threat,Brute Force,Medium,262204.0,Critical Infrastructure,North America,CN,Identity Provider,Night,20.9
INC-2025-0612,2025-11-22 22:00:00,2025-11-22,Credential Theft,API Key Abuse,Medium,118034.0,Government,Africa,UK,Email Gateway,Afternoon,26.6
INC-2025-0613,2025-12-15 07:00:00,2025-12-15,Malware Outbreak,SQL Injection,Low,76515.0,Educational Institution,Europe,DE,Identity Provider,Afternoon,62.9
INC-2025-0614,2025-11-16 09:00:00,2025-11-16,Phishing,Social Engineering,Medium,95686.0,Tech Enterprise,Europe,CN,Cloud Database,Night,49.7
INC-2025-0615,2025-12-16 12:00:00,2025-12-16,Phishing,Brute Force,Medium,114153.0,Tech Enterprise,Latin America,DE,Web Application,Night,20.5
INC-2025-0616,2025-05-08 06:00:00,2025-05-08,DDoS Attack,Brute Force,Medium,257396.0,Healthcare,Middle East,UK,Web Application,Evening,33.8
INC-2025-0617,2025-02-17 18:00:00,2025-02-17,Financial Fraud,Social Engineering,High,109601.0,E-Commerce,Europe,RU,Active Directory,Afternoon,51.5
INC-2025-0618,2025-04-07 05:00:00,2025-04-07,Ransomware,Man-in-the-Middle,High,770394.0,Healthcare,Asia-Pacific,US,Web Application,Evening,79.2
INC-2025-0619,2025-04-21 17:00:00,2025-04-21,Data Exfiltration,Ransomware Binary,Low,316186.0,Government,Latin America,IN,Cloud Database,Morning,35.6
INC-2025-0620,2025-07-29 11:00:00,2025-07-29,Insider Threat,SQL Injection,Low,455377.0,E-Commerce,Europe,DE,Cloud Database,Afternoon,50.7
INC-2025-0621,2025-03-17 03:00:00,2025-03-17,Credential Theft,Ransomware Binary,Critical,106489.0,Educational Institution,North America,RU,Identity Provider,Morning,53.8
INC-2025-0622,2025-08-18 11:00:00,2025-08-18,Ransomware,Social Engineering,Critical,356521.0,Healthcare,Middle East,US,Web Application,Evening,65.7
INC-2025-0623,2025-11-07 10:00:00,2025-11-07,Financial Fraud,API Key Abuse,Critical,144471.0,Educational Institution,Europe,CA,Email Gateway,Evening,68.4
INC-2025-0624,2025-04-07 20:00:00,2025-04-07,Phishing,Spear Phishing Email,High,69359.0,Tech Enterprise,Africa,DE,POS Terminal,Afternoon,56.6
INC-2025-0625,2025-01-31 17:00:00,2025-01-31,Financial Fraud,Man-in-the-Middle,High,180405.0,Tech Enterprise,Africa,CA,Identity Provider,Morning,74.0
INC-2025-0626,2025-02-06 21:00:00,2025-02-06,Insider Threat,SQL Injection,Medium,765637.0,Tech Enterprise,North America,JP,Web Application,Night,5.0
INC-2025-0627,2025-08-13 08:00:00,2025-08-13,Credential Theft,Man-in-the-Middle,High,166805.0,Financial Service,Asia-Pacific,JP,Web Application,Morning,64.1
INC-2025-0628,2025-02-27 13:00:00,2025-02-27,Malware Outbreak,Zero-day Exploit,Medium,50434.0,Healthcare,North America,NL,Web Application,Evening,42.4
INC-2025-0629,2025-07-01 02:00:00,2025-07-01,Data Exfiltration,Zero-day Exploit,High,218600.0,E-Commerce,Europe,CA,Identity Provider,Afternoon,40.4
INC-2025-0630,2025-04-13 23:00:00,2025-04-13,Financial Fraud,SQL Injection,High,163099.0,Critical Infrastructure,North America,US,Cloud Database,Evening,79.1
INC-2025-0631,2025-02-15 22:00:00,2025-02-15,Data Exfiltration,SQL Injection,Critical,516690.0,Critical Infrastructure,Middle East,CA,Web Application,Morning,57.0
INC-2025-0632,2025-01-16 16:00:00,2025-01-16,Phishing,Zero-day Exploit,High,40451.0,Government,Africa,NL,Identity Provider,Evening,55.2
INC-2025-0633,2025-03-16 17:00:00,2025-03-16,Financial Fraud,Zero-day Exploit,Medium,158412.0,Financial Service,Europe,US,Web Application,Night,10.0
INC-2025-0634,2025-05-12 19:00:00,2025-05-12,DDoS Attack,Spear Phishing Email,High,279335.0,Healthcare,Middle East,BR,Active Directory,Morning,60.6
INC-2025-0635,2025-08-05 15:00:00,2025-08-05,Ransomware,Man-in-the-Middle,Medium,346952.0,Government,Africa,JP,POS Terminal,Morning,55.4
INC-2025-0636,2025-10-19 19:00:00,2025-10-19,Phishing,Social Engineering,Medium,93227.0,E-Commerce,Europe,CN,Cloud Database,Afternoon,29.7
INC-2025-0637,2025-04-13 14:00:00,2025-04-13,Credential Theft,Social Engineering,Medium,29363.0,Tech Enterprise,Asia-Pacific,NL,Email Gateway,Morning,49.6
INC-2025-0638,2025-02-28 00:00:00,2025-02-28,Phishing,SQL Injection,Low,32629.0,Government,Europe,IN,Identity Provider,Evening,33.3
INC-2025-0639,2025-08-17 17:00:00,2025-08-17,Malware Outbreak,Zero-day Exploit,Low,47202.0,Tech Enterprise,Africa,IN,Active Directory,Evening,57.9
INC-2025-0640,2025-06-20 16:00:00,2025-06-20,Credential Theft,Zero-day Exploit,Critical,335825.0,E-Commerce,Middle East,CA,Cloud Database,Morning,44.5
INC-2025-0641,2025-01-29 17:00:00,2025-01-29,Ransomware,SQL Injection,Critical,474632.0,Healthcare,Middle East,BR,Identity Provider,Afternoon,50.6
INC-2025-0642,2025-09-27 02:00:00,2025-09-27,Phishing,SQL Injection,High,1074.0,Government,Europe,CA,Email Gateway,Morning,78.1
INC-2025-0643,2025-07-15 22:00:00,2025-07-15,Credential Theft,Zero-day Exploit,Medium,331968.0,E-Commerce,Latin America,CN,Active Directory,Morning,38.3
INC-2025-0644,2025-02-01 00:00:00,2025-02-01,Phishing,API Key Abuse,Medium,109777.0,Educational Institution,Asia-Pacific,CN,Active Directory,Morning,36.2
INC-2025-0645,2025-03-03 02:00:00,2025-03-03,Financial Fraud,Spear Phishing Email,Medium,273185.0,E-Commerce,Latin America,RU,Cloud Database,Afternoon,17.3
INC-2025-0646,2025-02-16 01:00:00,2025-02-16,Phishing,Spear Phishing Email,Medium,82899.0,Healthcare,Middle East,DE,Identity Provider,Afternoon,62.3
INC-2025-0647,2025-06-11 04:00:00,2025-06-11,Insider Threat,Man-in-the-Middle,Critical,617256.0,Educational Institution,Asia-Pacific,RU,Identity Provider,Morning,48.7
INC-2025-0648,2025-07-05 16:00:00,2025-07-05,Financial Fraud,Social Engineering,Medium,162883.0,Healthcare,Latin America,US,Active Directory,Afternoon,35.0
INC-2025-0649,2025-04-10 07:00:00,2025-04-10,Phishing,Zero-day Exploit,Medium,108092.0,E-Commerce,Asia-Pacific,CN,POS Terminal,Evening,36.1
INC-2025-0650,2025-11-25 18:00:00,2025-11-25,Phishing,Ransomware Binary,Medium,22304.0,Critical Infrastructure,North America,RU,Web Application,Evening,31.5
INC-2025-0651,2025-02-09 18:00:00,2025-02-09,Insider Threat,Man-in-the-Middle,Critical,833258.0,Tech Enterprise,Latin America,NL,Cloud Database,Evening,61.4
INC-2025-0652,2025-05-15 11:00:00,2025-05-15,Financial Fraud,Spear Phishing Email,Medium,140958.0,E-Commerce,Europe,DE,Web Application,Morning,35.1
INC-2025-0653,2025-04-17 22:00:00,2025-04-17,Credential Theft,Ransomware Binary,High,343592.0,E-Commerce,Africa,CA,Web Application,Evening,66.7
INC-2025-0654,2025-05-14 13:00:00,2025-05-14,Credential Theft,Man-in-the-Middle,Medium,245037.0,Healthcare,Africa,CA,Identity Provider,Evening,31.2
INC-2025-0655,2025-07-05 05:00:00,2025-07-05,Insider Threat,SQL Injection,Medium,346694.0,Healthcare,Latin America,RU,Email Gateway,Afternoon,32.9
INC-2025-0656,2025-03-30 12:00:00,2025-03-30,Malware Outbreak,Man-in-the-Middle,Medium,108441.0,E-Commerce,North America,CA,Web Application,Evening,54.0
INC-2025-0657,2025-09-26 01:00:00,2025-09-26,Phishing,API Key Abuse,Medium,40832.0,Educational Institution,Asia-Pacific,CA,POS Terminal,Afternoon,25.4
INC-2025-0658,2025-07-29 06:00:00,2025-07-29,Ransomware,Man-in-the-Middle,High,511122.0,Financial Service,Latin America,DE,POS Terminal,Evening,90.0
INC-2025-0659,2025-04-02 17:00:00,2025-04-02,Ransomware,SQL Injection,Critical,393130.0,E-Commerce,Middle East,JP,POS Terminal,Afternoon,65.3
INC-2025-0660,2025-05-23 09:00:00,2025-05-23,Insider Threat,API Key Abuse,Critical,836460.0,Financial Service,Asia-Pacific,CA,Cloud Database,Night,50.8
INC-2025-0661,2025-11-18 05:00:00,2025-11-18,Insider Threat,Brute Force,High,100390.0,E-Commerce,Asia-Pacific,CA,Email Gateway,Night,60.9
INC-2025-0662,2025-12-12 17:00:00,2025-12-12,DDoS Attack,Spear Phishing Email,Low,127357.0,Financial Service,Africa,IN,Web Application,Morning,51.0
INC-2025-0663,2025-02-13 03:00:00,2025-02-13,Phishing,Brute Force,Critical,69607.0,Government,Europe,BR,POS Terminal,Night,68.6
INC-2025-0664,2025-08-03 04:00:00,2025-08-03,Financial Fraud,Zero-day Exploit,Medium,286301.0,Financial Service,Middle East,DE,POS Terminal,Evening,26.3
INC-2025-0665,2025-04-04 13:00:00,2025-04-04,Phishing,Man-in-the-Middle,Critical,56718.0,Government,Europe,IN,Web Application,Morning,65.6
INC-2025-0666,2025-01-20 05:00:00,2025-01-20,Ransomware,SQL Injection,High,437932.0,Critical Infrastructure,Europe,NL,Identity Provider,Morning,60.9
INC-2025-0667,2025-08-13 00:00:00,2025-08-13,Insider Threat,Ransomware Binary,High,661650.0,Critical Infrastructure,North America,NL,POS Terminal,Evening,67.0
INC-2025-0668,2025-07-04 14:00:00,2025-07-04,Credential Theft,Social Engineering,High,112724.0,Educational Institution,Asia-Pacific,DE,Active Directory,Evening,63.2
INC-2025-0669,2025-08-04 17:00:00,2025-08-04,Phishing,Man-in-the-Middle,High,105647.0,Critical Infrastructure,Latin America,CA,Cloud Database,Afternoon,80.3
INC-2025-0670,2025-06-21 08:00:00,2025-06-21,Malware Outbreak,Ransomware Binary,Low,44822.0,Healthcare,Europe,CN,Active Directory,Morning,43.2
INC-2025-0671,2025-11-01 17:00:00,2025-11-01,DDoS Attack,Ransomware Binary,Medium,94367.0,Critical Infrastructure,Asia-Pacific,CA,Identity Provider,Morning,38.9
INC-2025-0672,2025-06-02 20:00:00,2025-06-02,Insider Threat,Ransomware Binary,High,361072.0,Financial Service,North America,US,Identity Provider,Afternoon,80.3
INC-2025-0673,2025-03-18 17:00:00,2025-03-18,Credential Theft,Ransomware Binary,High,274670.0,Tech Enterprise,Europe,NL,Cloud Database,Night,83.1
INC-2025-0674,2025-04-30 04:00:00,2025-04-30,Credential Theft,Spear Phishing Email,Critical,99533.0,Healthcare,Latin America,NL,Active Directory,Afternoon,64.5
INC-2025-0675,2025-08-06 16:00:00,2025-08-06,Phishing,Social Engineering,Low,72055.0,Healthcare,Africa,RU,Cloud Database,Morning,34.2
INC-2025-0676,2025-10-24 05:00:00,2025-10-24,Data Exfiltration,SQL Injection,High,518255.0,Government,Latin America,NL,Identity Provider,Morning,63.0
INC-2025-0677,2025-04-13 00:00:00,2025-04-13,Insider Threat,Social Engineering,High,142115.0,E-Commerce,Europe,CA,Cloud Database,Afternoon,66.7
INC-2025-0678,2025-01-31 23:00:00,2025-01-31,DDoS Attack,API Key Abuse,Medium,122369.0,Government,Middle East,CA,Cloud Database,Afternoon,35.9
INC-2025-0679,2025-04-19 21:00:00,2025-04-19,Credential Theft,Man-in-the-Middle,Low,149407.0,Critical Infrastructure,Europe,CN,Web Application,Afternoon,21.8
INC-2025-0680,2025-07-01 09:00:00,2025-07-01,Credential Theft,Brute Force,Critical,145179.0,Educational Institution,Asia-Pacific,DE,Active Directory,Evening,82.4
INC-2025-0681,2025-04-10 22:00:00,2025-04-10,Ransomware,Brute Force,Critical,487743.0,Government,Middle East,DE,Web Application,Afternoon,68.3
INC-2025-0682,2025-09-01 03:00:00,2025-09-01,Phishing,SQL Injection,Low,29942.0,Educational Institution,Europe,UK,POS Terminal,Afternoon,20.8
INC-2025-0683,2025-05-16 10:00:00,2025-05-16,Credential Theft,SQL Injection,Medium,13314.0,Healthcare,Africa,UK,Identity Provider,Evening,26.6
INC-2025-0684,2025-11-19 20:00:00,2025-11-19,Data Exfiltration,Brute Force,High,815387.0,Tech Enterprise,Africa,JP,Active Directory,Evening,72.2
INC-2025-0685,2025-07-30 15:00:00,2025-07-30,Phishing,Social Engineering,High,59382.0,Critical Infrastructure,Europe,IN,Web Application,Morning,60.9
INC-2025-0686,2025-04-11 20:00:00,2025-04-11,Ransomware,Ransomware Binary,High,606664.0,Healthcare,Europe,US,POS Terminal,Morning,69.0
INC-2025-0687,2025-08-02 13:00:00,2025-08-02,Phishing,Brute Force,Low,2541.0,E-Commerce,Europe,CN,Web Application,Morning,16.3
INC-2025-0688,2025-06-07 16:00:00,2025-06-07,Credential Theft,Ransomware Binary,Critical,44339.0,Educational Institution,Africa,RU,Email Gateway,Evening,68.5
INC-2025-0689,2025-10-17 07:00:00,2025-10-17,Phishing,Social Engineering,Low,27469.0,Educational Institution,North America,CN,Active Directory,Night,37.6
INC-2025-0690,2025-06-11 10:00:00,2025-06-11,Phishing,SQL Injection,Medium,,Educational Institution,Europe,RU,Active Directory,Morning,40.9
INC-2025-0691,2025-08-08 23:00:00,2025-08-08,Malware Outbreak,Brute Force,Medium,36281.0,E-Commerce,Latin America,BR,Web Application,Morning,45.6
INC-2025-0692,2025-06-24 04:00:00,2025-06-24,Financial Fraud,Ransomware Binary,Medium,297926.0,Healthcare,Latin America,IN,Email Gateway,Evening,40.0
INC-2025-0693,2025-05-12 09:00:00,2025-05-12,Phishing,Ransomware Binary,Low,5581.0,Tech Enterprise,Africa,DE,POS Terminal,Night,27.2
INC-2025-0694,2025-08-28 10:00:00,2025-08-28,Phishing,Zero-day Exploit,Critical,43578.0,Government,Middle East,IN,Email Gateway,Afternoon,84.9
INC-2025-0695,2025-02-10 15:00:00,2025-02-10,Credential Theft,Zero-day Exploit,Medium,119897.0,Tech Enterprise,Asia-Pacific,JP,Identity Provider,Evening,36.8
INC-2025-0696,2025-05-03 14:00:00,2025-05-03,Ransomware,Brute Force,High,738340.0,Educational Institution,North America,CA,POS Terminal,Afternoon,52.0
INC-2025-0697,2025-09-15 11:00:00,2025-09-15,Credential Theft,Social Engineering,Critical,,Educational Institution,Europe,NL,Identity Provider,Morning,79.7
INC-2025-0698,2025-12-23 21:00:00,2025-12-23,Credential Theft,Zero-day Exploit,Critical,251471.0,Critical Infrastructure,North America,UK,Active Directory,Evening,44.0
INC-2025-0699,2025-08-23 19:00:00,2025-08-23,Financial Fraud,Brute Force,Medium,289928.0,E-Commerce,North America,JP,Cloud Database,Afternoon,39.9
INC-2025-0700,2025-07-18 14:00:00,2025-07-18,Credential Theft,Man-in-the-Middle,High,334457.0,E-Commerce,Africa,BR,Identity Provider,Morning,44.2
INC-2025-0701,2025-10-29 21:00:00,2025-10-29,Ransomware,Ransomware Binary,Medium,672561.0,Government,Asia-Pacific,US,Email Gateway,Afternoon,30.6
INC-2025-0702,2025-02-03 14:00:00,2025-02-03,Credential Theft,Social Engineering,Medium,137903.0,Critical Infrastructure,North America,US,Email Gateway,Night,56.8
INC-2025-0703,2025-04-23 12:00:00,2025-04-23,Insider Threat,Social Engineering,High,322827.0,Healthcare,Africa,JP,POS Terminal,Morning,92.9
INC-2025-0704,2025-01-10 08:00:00,2025-01-10,Ransomware,SQL Injection,High,801917.0,Financial Service,North America,RU,POS Terminal,Night,79.6
INC-2025-0705,2025-04-28 03:00:00,2025-04-28,Financial Fraud,Spear Phishing Email,Low,83858.0,Tech Enterprise,North America,JP,Email Gateway,Night,10.5
INC-2025-0706,2025-06-29 05:00:00,2025-06-29,Malware Outbreak,SQL Injection,Low,20276.0,Government,Latin America,BR,Email Gateway,Morning,35.8
INC-2025-0707,2025-04-13 11:00:00,2025-04-13,Data Exfiltration,Spear Phishing Email,High,345103.0,Healthcare,North America,NL,Identity Provider,Morning,60.7
INC-2025-0708,2025-05-25 01:00:00,2025-05-25,Ransomware,API Key Abuse,Medium,691687.0,E-Commerce,Middle East,CN,Active Directory,Night,57.4
INC-2025-0709,2025-10-03 09:00:00,2025-10-03,Ransomware,API Key Abuse,High,264560.0,Educational Institution,Asia-Pacific,NL,Web Application,Evening,46.5
INC-2025-0710,2025-05-21 10:00:00,2025-05-21,Insider Threat,API Key Abuse,Critical,241285.0,Financial Service,Asia-Pacific,RU,Email Gateway,Night,83.8
INC-2025-0711,2025-03-27 07:00:00,2025-03-27,Credential Theft,Social Engineering,Medium,270334.0,Educational Institution,North America,CA,Active Directory,Night,57.6
INC-2025-0712,2025-12-28 16:00:00,2025-12-28,Credential Theft,Brute Force,Medium,225566.0,Government,Africa,CN,Active Directory,Night,27.2
INC-2025-0713,2025-06-15 05:00:00,2025-06-15,Phishing,Brute Force,Medium,9071.0,Healthcare,Latin America,IN,Cloud Database,Evening,45.6
INC-2025-0714,2025-12-11 06:00:00,2025-12-11,Phishing,Zero-day Exploit,High,113223.0,Healthcare,Africa,CA,Active Directory,Evening,65.3
INC-2025-0715,2025-09-06 04:00:00,2025-09-06,Phishing,Zero-day Exploit,Low,21661.0,Educational Institution,Asia-Pacific,CA,Cloud Database,Night,44.1
INC-2025-0716,2025-10-06 08:00:00,2025-10-06,Phishing,Ransomware Binary,Medium,1132.0,Healthcare,Asia-Pacific,UK,Email Gateway,Afternoon,11.7
INC-2025-0717,2025-02-08 04:00:00,2025-02-08,Phishing,Brute Force,Medium,108853.0,Financial Service,Asia-Pacific,UK,Active Directory,Afternoon,42.4
INC-2025-0718,2025-01-23 13:00:00,2025-01-23,Phishing,Zero-day Exploit,Medium,72997.0,Tech Enterprise,Africa,NL,Web Application,Evening,35.6
INC-2025-0719,2025-05-08 11:00:00,2025-05-08,Phishing,SQL Injection,Medium,2067.0,E-Commerce,Latin America,US,Active Directory,Evening,63.4
INC-2025-0720,2025-07-09 14:00:00,2025-07-09,DDoS Attack,Zero-day Exploit,Medium,284365.0,Healthcare,Latin America,DE,Cloud Database,Night,33.1
INC-2025-0721,2025-06-30 18:00:00,2025-06-30,Credential Theft,SQL Injection,Low,310745.0,Healthcare,Latin America,IN,Cloud Database,Morning,41.0
INC-2025-0722,2025-05-09 16:00:00,2025-05-09,DDoS Attack,Zero-day Exploit,High,220862.0,Critical Infrastructure,Middle East,DE,Active Directory,Night,63.8
INC-2025-0723,2025-04-03 06:00:00,2025-04-03,Credential Theft,API Key Abuse,Medium,329816.0,Government,North America,RU,Active Directory,Night,34.2
INC-2025-0724,2025-08-17 06:00:00,2025-08-17,Credential Theft,Social Engineering,Critical,306033.0,Financial Service,Latin America,CN,POS Terminal,Evening,52.6
INC-2025-0725,2025-01-15 10:00:00,2025-01-15,Financial Fraud,Ransomware Binary,High,293102.0,E-Commerce,Europe,IN,Web Application,Morning,76.2
INC-2025-0726,2025-04-12 07:00:00,2025-04-12,Data Exfiltration,SQL Injection,Critical,841494.0,E-Commerce,Middle East,CN,Cloud Database,Afternoon,85.8
INC-2025-0727,2025-04-13 18:00:00,2025-04-13,Phishing,Ransomware Binary,Low,14894.0,Tech Enterprise,Europe,RU,Active Directory,Afternoon,46.2
INC-2025-0728,2025-10-13 06:00:00,2025-10-13,Data Exfiltration,Spear Phishing Email,Critical,240043.0,Financial Service,North America,US,Cloud Database,Evening,69.9
INC-2025-0729,2025-12-23 19:00:00,2025-12-23,Phishing,Zero-day Exploit,Medium,47412.0,Financial Service,Africa,US,Email Gateway,Morning,19.6
INC-2025-0730,2025-06-02 01:00:00,2025-06-02,Ransomware,Zero-day Exploit,High,214437.0,Tech Enterprise,Africa,DE,Active Directory,Night,51.9
INC-2025-0731,2025-06-16 19:00:00,2025-06-16,Financial Fraud,Social Engineering,High,333345.0,Financial Service,Middle East,JP,Active Directory,Morning,46.1
INC-2025-0732,2025-12-19 01:00:00,2025-12-19,Ransomware,Man-in-the-Middle,High,60514.0,Tech Enterprise,Africa,CA,Identity Provider,Afternoon,62.3
INC-2025-0733,2025-03-18 13:00:00,2025-03-18,Credential Theft,Brute Force,High,99937.0,Tech Enterprise,North America,RU,Email Gateway,Night,51.6
INC-2025-0734,2025-06-26 20:00:00,2025-06-26,Ransomware,Social Engineering,Critical,331383.0,Financial Service,Latin America,NL,Cloud Database,Afternoon,42.2
INC-2025-0735,2025-08-04 11:00:00,2025-08-04,Phishing,Brute Force,High,15691.0,Healthcare,North America,DE,Email Gateway,Morning,76.4
INC-2025-0736,2025-05-05 14:00:00,2025-05-05,Phishing,Ransomware Binary,Medium,94848.0,Healthcare,Asia-Pacific,JP,Email Gateway,Morning,29.1
INC-2025-0737,2025-10-29 03:00:00,2025-10-29,DDoS Attack,Brute Force,Medium,10435.0,Critical Infrastructure,Europe,CN,POS Terminal,Night,29.5
INC-2025-0738,2025-11-10 23:00:00,2025-11-10,Phishing,Spear Phishing Email,Critical,78224.0,Financial Service,Middle East,NL,Identity Provider,Night,62.2
INC-2025-0739,2025-11-19 23:00:00,2025-11-19,DDoS Attack,API Key Abuse,High,263245.0,Critical Infrastructure,Latin America,CA,Email Gateway,Evening,56.0
INC-2025-0740,2025-03-23 19:00:00,2025-03-23,Malware Outbreak,Zero-day Exploit,Low,21369.0,Financial Service,Europe,JP,Active Directory,Afternoon,11.6
INC-2025-0741,2025-03-06 01:00:00,2025-03-06,Credential Theft,API Key Abuse,Medium,199692.0,E-Commerce,Latin America,IN,Web Application,Night,52.0
INC-2025-0742,2025-05-09 00:00:00,2025-05-09,Phishing,SQL Injection,High,12345.0,Educational Institution,Latin America,DE,POS Terminal,Night,57.2
INC-2025-0743,2025-01-26 01:00:00,2025-01-26,Financial Fraud,API Key Abuse,Critical,122399.0,Financial Service,Asia-Pacific,RU,POS Terminal,Evening,96.7
INC-2025-0744,2025-10-12 10:00:00,2025-10-12,Credential Theft,Spear Phishing Email,Low,134065.0,Government,Latin America,CA,POS Terminal,Afternoon,40.6
INC-2025-0745,2025-10-15 09:00:00,2025-10-15,Phishing,API Key Abuse,Low,16775.0,E-Commerce,Europe,CA,Identity Provider,Morning,47.3
INC-2025-0746,2025-01-22 01:00:00,2025-01-22,Credential Theft,API Key Abuse,Low,154594.0,Educational Institution,North America,US,Cloud Database,Night,53.4
INC-2025-0747,2025-04-15 21:00:00,2025-04-15,Credential Theft,SQL Injection,Medium,21940.0,Tech Enterprise,North America,UK,POS Terminal,Night,28.5
INC-2025-0748,2025-02-06 06:00:00,2025-02-06,Credential Theft,API Key Abuse,Medium,222984.0,Government,Africa,DE,Web Application,Morning,30.1
INC-2025-0749,2025-06-10 01:00:00,2025-06-10,Credential Theft,Ransomware Binary,Medium,13572.0,Healthcare,Asia-Pacific,NL,Identity Provider,Night,32.3
INC-2025-0750,2025-09-10 23:00:00,2025-09-10,Phishing,Social Engineering,Medium,78400.0,Healthcare,North America,CA,POS Terminal,Morning,55.6
INC-2025-0751,2025-11-17 09:00:00,2025-11-17,Credential Theft,Spear Phishing Email,Critical,298257.0,Tech Enterprise,Asia-Pacific,NL,Web Application,Morning,57.2
INC-2025-0752,2025-02-25 22:00:00,2025-02-25,Phishing,Man-in-the-Middle,Medium,6190.0,Critical Infrastructure,North America,NL,Email Gateway,Evening,38.3
INC-2025-0753,2025-11-03 05:00:00,2025-11-03,Malware Outbreak,Spear Phishing Email,Low,54472.0,Critical Infrastructure,Latin America,DE,Identity Provider,Night,68.4
INC-2025-0754,2025-07-23 15:00:00,2025-07-23,Phishing,SQL Injection,High,119229.0,Government,Africa,CA,Web Application,Morning,89.6
INC-2025-0755,2025-09-14 06:00:00,2025-09-14,Ransomware,Zero-day Exploit,Medium,199457.0,Critical Infrastructure,Middle East,BR,Identity Provider,Evening,67.4
INC-2025-0756,2025-12-20 06:00:00,2025-12-20,Malware Outbreak,SQL Injection,High,58888.0,E-Commerce,Europe,UK,Active Directory,Morning,82.2
INC-2025-0757,2025-01-28 22:00:00,2025-01-28,Phishing,Social Engineering,Medium,115416.0,Financial Service,Europe,CA,POS Terminal,Morning,25.6
INC-2025-0758,2025-01-10 07:00:00,2025-01-10,Credential Theft,API Key Abuse,High,118096.0,E-Commerce,Middle East,CN,Web Application,Afternoon,60.6
INC-2025-0759,2025-05-10 04:00:00,2025-05-10,Phishing,Spear Phishing Email,Medium,46615.0,Healthcare,North America,RU,Cloud Database,Afternoon,35.8
INC-2025-0760,2025-10-05 05:00:00,2025-10-05,Credential Theft,Zero-day Exploit,Critical,315109.0,Healthcare,Europe,CN,Identity Provider,Night,55.0
INC-2025-0761,2025-01-15 20:00:00,2025-01-15,DDoS Attack,Social Engineering,Medium,172217.0,E-Commerce,Europe,RU,Email Gateway,Evening,41.9
INC-2025-0762,2025-12-04 17:00:00,2025-12-04,DDoS Attack,Brute Force,Critical,333468.0,Healthcare,Europe,CA,Email Gateway,Morning,62.2
INC-2025-0763,2025-11-22 13:00:00,2025-11-22,Ransomware,API Key Abuse,High,569235.0,Tech Enterprise,North America,RU,Web Application,Evening,61.8
INC-2025-0764,2025-06-02 07:00:00,2025-06-02,Phishing,API Key Abuse,Medium,21431.0,Government,Europe,JP,Email Gateway,Morning,51.8
INC-2025-0765,2025-02-16 12:00:00,2025-02-16,Data Exfiltration,Zero-day Exploit,High,658278.0,Financial Service,Latin America,RU,Cloud Database,Morning,47.9
INC-2025-0766,2025-10-24 15:00:00,2025-10-24,Insider Threat,Man-in-the-Middle,High,54922.0,Healthcare,Africa,UK,Identity Provider,Night,48.6
INC-2025-0767,2025-05-12 02:00:00,2025-05-12,Phishing,Spear Phishing Email,Low,3486.0,Government,Middle East,NL,POS Terminal,Morning,34.1
INC-2025-0768,2025-11-06 07:00:00,2025-11-06,Malware Outbreak,API Key Abuse,High,17304.0,Healthcare,Europe,CN,Email Gateway,Morning,83.4
INC-2025-0769,2025-08-24 21:00:00,2025-08-24,Phishing,Brute Force,High,1002.0,Government,North America,DE,Active Directory,Morning,75.3
INC-2025-0770,2025-04-20 10:00:00,2025-04-20,Phishing,SQL Injection,Low,119446.0,Critical Infrastructure,Latin America,JP,Email Gateway,Evening,25.8
INC-2025-0771,2025-12-06 03:00:00,2025-12-06,Financial Fraud,Man-in-the-Middle,Low,310364.0,Critical Infrastructure,Latin America,NL,Web Application,Night,65.2
INC-2025-0772,2025-03-18 12:00:00,2025-03-18,DDoS Attack,Ransomware Binary,High,61176.0,Healthcare,Latin America,DE,Identity Provider,Afternoon,74.6
INC-2025-0773,2025-03-25 14:00:00,2025-03-25,Insider Threat,Social Engineering,Critical,418781.0,Educational Institution,Africa,CN,Cloud Database,Night,87.7
INC-2025-0774,2025-03-25 15:00:00,2025-03-25,Malware Outbreak,SQL Injection,Low,6387.0,Educational Institution,Asia-Pacific,DE,Cloud Database,Evening,40.7
INC-2025-0775,2025-10-13 11:00:00,2025-10-13,Ransomware,Spear Phishing Email,High,313456.0,Educational Institution,Africa,US,Web Application,Afternoon,44.4
INC-2025-0776,2025-03-05 05:00:00,2025-03-05,Credential Theft,API Key Abuse,Low,13749.0,Educational Institution,North America,UK,Active Directory,Evening,49.5
INC-2025-0777,2025-03-29 18:00:00,2025-03-29,Phishing,Ransomware Binary,High,13213.0,Financial Service,Africa,NL,Identity Provider,Morning,67.5
INC-2025-0778,2025-09-29 21:00:00,2025-09-29,Ransomware,API Key Abuse,Low,674135.0,E-Commerce,Latin America,US,Email Gateway,Evening,14.3
INC-2025-0779,2025-12-27 17:00:00,2025-12-27,Phishing,Ransomware Binary,High,48598.0,Tech Enterprise,North America,NL,POS Terminal,Evening,61.2
INC-2025-0780,2025-04-21 04:00:00,2025-04-21,Financial Fraud,API Key Abuse,High,173206.0,Tech Enterprise,Latin America,BR,Web Application,Evening,75.1
INC-2025-0781,2025-01-23 22:00:00,2025-01-23,Phishing,Spear Phishing Email,Low,101993.0,Critical Infrastructure,North America,CN,POS Terminal,Morning,31.5
INC-2025-0782,2025-10-27 13:00:00,2025-10-27,Insider Threat,API Key Abuse,High,178938.0,Critical Infrastructure,North America,JP,Active Directory,Evening,70.1
INC-2025-0783,2025-12-31 11:00:00,2025-12-31,DDoS Attack,Zero-day Exploit,Medium,113541.0,E-Commerce,North America,NL,Email Gateway,Afternoon,28.8
INC-2025-0784,2025-06-26 13:00:00,2025-06-26,Malware Outbreak,Spear Phishing Email,Medium,14663.0,Financial Service,North America,NL,POS Terminal,Night,44.7
INC-2025-0785,2025-01-09 21:00:00,2025-01-09,Financial Fraud,Spear Phishing Email,Critical,143518.0,Healthcare,Africa,US,Identity Provider,Afternoon,79.9
INC-2025-0786,2025-09-27 23:00:00,2025-09-27,Credential Theft,API Key Abuse,Medium,255319.0,Tech Enterprise,Asia-Pacific,JP,Identity Provider,Afternoon,33.6
INC-2025-0787,2025-01-23 03:00:00,2025-01-23,Phishing,Brute Force,Medium,53551.0,Critical Infrastructure,Middle East,CN,Active Directory,Evening,32.4
INC-2025-0788,2025-01-15 09:00:00,2025-01-15,Phishing,Man-in-the-Middle,Medium,48829.0,Financial Service,Asia-Pacific,NL,Active Directory,Night,35.4
INC-2025-0789,2025-11-15 04:00:00,2025-11-15,DDoS Attack,Spear Phishing Email,Low,135697.0,Critical Infrastructure,Middle East,IN,Identity Provider,Afternoon,41.1
INC-2025-0790,2025-09-23 09:00:00,2025-09-23,Ransomware,API Key Abuse,High,213944.0,E-Commerce,Latin America,DE,POS Terminal,Afternoon,60.8
INC-2025-0791,2025-11-28 03:00:00,2025-11-28,DDoS Attack,Social Engineering,Medium,16319.0,E-Commerce,Middle East,JP,Active Directory,Afternoon,25.1
INC-2025-0792,2025-01-16 21:00:00,2025-01-16,Financial Fraud,Zero-day Exploit,Low,122408.0,Financial Service,North America,CN,POS Terminal,Afternoon,40.1
INC-2025-0793,2025-12-25 22:00:00,2025-12-25,Ransomware,Zero-day Exploit,High,254829.0,Financial Service,Middle East,NL,Cloud Database,Morning,90.7
INC-2025-0794,2025-12-17 19:00:00,2025-12-17,Insider Threat,Brute Force,Medium,113295.0,Healthcare,North America,RU,Email Gateway,Afternoon,33.5
INC-2025-0795,2025-08-11 20:00:00,2025-08-11,Credential Theft,Spear Phishing Email,Medium,338024.0,Educational Institution,Asia-Pacific,UK,Active Directory,Morning,30.2
INC-2025-0796,2025-04-02 22:00:00,2025-04-02,DDoS Attack,Zero-day Exploit,Low,174169.0,Government,North America,DE,POS Terminal,Afternoon,43.1
INC-2025-0797,2025-10-26 11:00:00,2025-10-26,Insider Threat,Zero-day Exploit,High,496476.0,Healthcare,Asia-Pacific,JP,Identity Provider,Morning,81.4
INC-2025-0798,2025-09-30 03:00:00,2025-09-30,Data Exfiltration,Man-in-the-Middle,High,343219.0,Critical Infrastructure,Middle East,BR,Identity Provider,Morning,56.8
INC-2025-0799,2025-07-17 07:00:00,2025-07-17,Malware Outbreak,API Key Abuse,Low,20544.0,Educational Institution,North America,IN,POS Terminal,Evening,25.4
INC-2025-0800,2025-02-07 17:00:00,2025-02-07,Ransomware,Social Engineering,Critical,354647.0,Government,Europe,IN,Identity Provider,Afternoon,100.0
INC-2025-0801,2025-08-11 06:00:00,2025-08-11,Phishing,Spear Phishing Email,Low,10476.0,Tech Enterprise,Europe,NL,Web Application,Night,28.2
INC-2025-0802,2025-11-21 16:00:00,2025-11-21,Financial Fraud,Spear Phishing Email,High,320594.0,Critical Infrastructure,Asia-Pacific,NL,Email Gateway,Morning,87.4
INC-2025-0803,2025-10-07 08:00:00,2025-10-07,Phishing,Social Engineering,Critical,107331.0,Healthcare,Asia-Pacific,US,Web Application,Evening,98.4
INC-2025-0804,2025-03-01 02:00:00,2025-03-01,Phishing,Spear Phishing Email,High,96899.0,Educational Institution,Africa,CA,Cloud Database,Evening,87.3
INC-2025-0805,2025-12-22 17:00:00,2025-12-22,Data Exfiltration,Ransomware Binary,Critical,612886.0,Educational Institution,Asia-Pacific,IN,Identity Provider,Morning,78.5
INC-2025-0806,2025-11-02 13:00:00,2025-11-02,Financial Fraud,Social Engineering,Medium,347762.0,Educational Institution,Asia-Pacific,CA,POS Terminal,Afternoon,43.1
INC-2025-0807,2025-01-21 12:00:00,2025-01-21,Ransomware,Man-in-the-Middle,Low,730175.0,Financial Service,Africa,UK,Web Application,Afternoon,25.1
INC-2025-0808,2025-05-08 14:00:00,2025-05-08,Financial Fraud,Ransomware Binary,Low,30457.0,Healthcare,Middle East,CA,Active Directory,Night,51.2
INC-2025-0809,2025-12-03 20:00:00,2025-12-03,DDoS Attack,API Key Abuse,Low,333393.0,Tech Enterprise,North America,UK,Cloud Database,Afternoon,38.2
INC-2025-0810,2025-06-07 16:00:00,2025-06-07,Phishing,SQL Injection,Medium,35600.0,Financial Service,North America,DE,Email Gateway,Morning,30.0
INC-2025-0811,2025-05-11 16:00:00,2025-05-11,Phishing,Spear Phishing Email,Low,106193.0,Healthcare,Europe,NL,Cloud Database,Night,15.7
INC-2025-0812,2025-05-11 10:00:00,2025-05-11,Ransomware,Social Engineering,Critical,300699.0,Financial Service,Europe,BR,Cloud Database,Afternoon,84.6
INC-2025-0813,2025-09-04 19:00:00,2025-09-04,Phishing,Zero-day Exploit,Medium,23666.0,Financial Service,North America,UK,Active Directory,Morning,36.6
INC-2025-0814,2025-11-03 21:00:00,2025-11-03,DDoS Attack,SQL Injection,High,78309.0,Healthcare,Middle East,CA,POS Terminal,Night,60.2
INC-2025-0815,2025-08-25 02:00:00,2025-08-25,Credential Theft,Man-in-the-Middle,High,136066.0,Healthcare,Latin America,BR,Cloud Database,Evening,32.2
INC-2025-0816,2025-04-29 16:00:00,2025-04-29,Phishing,SQL Injection,Medium,68381.0,E-Commerce,Asia-Pacific,RU,Cloud Database,Afternoon,39.1
INC-2025-0817,2025-02-06 13:00:00,2025-02-06,Credential Theft,Brute Force,High,182946.0,E-Commerce,Europe,NL,Active Directory,Evening,64.9
INC-2025-0818,2025-02-27 23:00:00,2025-02-27,Data Exfiltration,Social Engineering,Critical,822470.0,Critical Infrastructure,North America,BR,POS Terminal,Morning,56.1
INC-2025-0819,2025-05-17 12:00:00,2025-05-17,Phishing,Man-in-the-Middle,Medium,97188.0,Government,Europe,CA,Active Directory,Night,20.4
INC-2025-0820,2025-07-14 19:00:00,2025-07-14,Phishing,Zero-day Exploit,Low,109880.0,E-Commerce,Asia-Pacific,IN,Cloud Database,Evening,35.5
INC-2025-0821,2025-03-28 01:00:00,2025-03-28,Credential Theft,Man-in-the-Middle,High,138692.0,Financial Service,Africa,US,Email Gateway,Night,48.3
INC-2025-0822,2025-02-16 13:00:00,2025-02-16,Insider Threat,API Key Abuse,Low,799037.0,Critical Infrastructure,Middle East,RU,Cloud Database,Evening,53.0
INC-2025-0823,2025-12-03 11:00:00,2025-12-03,Phishing,Brute Force,Low,80409.0,E-Commerce,Asia-Pacific,BR,POS Terminal,Night,6.4
INC-2025-0824,2025-03-31 03:00:00,2025-03-31,Credential Theft,Man-in-the-Middle,Low,308760.0,Tech Enterprise,Middle East,US,Web Application,Evening,56.7
INC-2025-0825,2025-04-23 11:00:00,2025-04-23,Credential Theft,Zero-day Exploit,Critical,155594.0,Tech Enterprise,Middle East,BR,Identity Provider,Night,69.1
INC-2025-0826,2025-09-30 11:00:00,2025-09-30,Credential Theft,Brute Force,High,214486.0,Government,Europe,CA,Identity Provider,Morning,51.5
INC-2025-0827,2025-01-01 02:00:00,2025-01-01,Credential Theft,Social Engineering,Medium,264642.0,Financial Service,North America,BR,Web Application,Morning,52.1
INC-2025-0828,2025-08-07 00:00:00,2025-08-07,DDoS Attack,SQL Injection,Medium,306041.0,Educational Institution,Asia-Pacific,IN,Web Application,Morning,36.0
INC-2025-0829,2025-08-01 08:00:00,2025-08-01,Ransomware,Social Engineering,Critical,223790.0,Government,North America,IN,Active Directory,Evening,94.4
INC-2025-0830,2025-02-13 15:00:00,2025-02-13,Credential Theft,Social Engineering,Medium,45077.0,Financial Service,Middle East,UK,Cloud Database,Night,28.1
INC-2025-0831,2025-10-12 04:00:00,2025-10-12,DDoS Attack,Ransomware Binary,High,148008.0,E-Commerce,Latin America,CA,Identity Provider,Morning,27.5
INC-2025-0832,2025-03-28 12:00:00,2025-03-28,Financial Fraud,Brute Force,Low,58811.0,E-Commerce,North America,CN,Cloud Database,Night,39.7
INC-2025-0833,2025-07-08 22:00:00,2025-07-08,Data Exfiltration,Brute Force,Critical,478734.0,E-Commerce,North America,DE,Cloud Database,Night,81.3
INC-2025-0834,2025-05-01 04:00:00,2025-05-01,Data Exfiltration,API Key Abuse,High,607985.0,Educational Institution,Europe,CA,Identity Provider,Morning,68.1
INC-2025-0835,2025-10-16 07:00:00,2025-10-16,Credential Theft,Ransomware Binary,Critical,333864.0,Critical Infrastructure,Europe,US,Identity Provider,Morning,82.7
INC-2025-0836,2025-06-28 15:00:00,2025-06-28,Phishing,Brute Force,High,56401.0,Healthcare,Africa,RU,Identity Provider,Morning,71.0
INC-2025-0837,2025-04-22 20:00:00,2025-04-22,Ransomware,Spear Phishing Email,High,787990.0,Government,North America,DE,Active Directory,Night,60.6
INC-2025-0838,2025-09-15 18:00:00,2025-09-15,Credential Theft,Spear Phishing Email,Medium,87912.0,Educational Institution,Latin America,CA,Cloud Database,Afternoon,28.9
INC-2025-0839,2025-07-15 19:00:00,2025-07-15,Data Exfiltration,Spear Phishing Email,Critical,671029.0,Healthcare,Latin America,JP,Cloud Database,Evening,68.9
INC-2025-0840,2025-01-04 21:00:00,2025-01-04,Ransomware,Spear Phishing Email,Medium,414716.0,Healthcare,Africa,RU,Web Application,Night,36.8
INC-2025-0841,2025-01-11 23:00:00,2025-01-11,Ransomware,API Key Abuse,High,292955.0,Critical Infrastructure,Africa,CN,POS Terminal,Night,57.1
INC-2025-0842,2025-07-11 03:00:00,2025-07-11,Credential Theft,Ransomware Binary,High,287191.0,Government,Latin America,BR,Cloud Database,Night,76.6
INC-2025-0843,2025-10-10 16:00:00,2025-10-10,Ransomware,Ransomware Binary,Low,230680.0,Healthcare,Middle East,US,Cloud Database,Night,5.0
INC-2025-0844,2025-10-01 16:00:00,2025-10-01,Phishing,API Key Abuse,Low,57911.0,Healthcare,North America,RU,Email Gateway,Morning,31.7
INC-2025-0845,2025-07-02 07:00:00,2025-07-02,Ransomware,Zero-day Exploit,Critical,342164.0,Tech Enterprise,North America,CN,Web Application,Morning,72.6
INC-2025-0846,2025-05-15 13:00:00,2025-05-15,Financial Fraud,API Key Abuse,High,110509.0,Government,Middle East,NL,Email Gateway,Afternoon,56.4
INC-2025-0847,2025-08-17 12:00:00,2025-08-17,Phishing,SQL Injection,Medium,18040.0,Financial Service,Asia-Pacific,RU,Cloud Database,Morning,38.0
INC-2025-0848,2025-07-29 17:00:00,2025-07-29,DDoS Attack,Man-in-the-Middle,Critical,25968.0,E-Commerce,Asia-Pacific,BR,Web Application,Morning,81.4
INC-2025-0849,2025-04-04 17:00:00,2025-04-04,Credential Theft,Ransomware Binary,Critical,106398.0,Educational Institution,Europe,NL,Web Application,Night,56.7
INC-2025-0850,2025-03-27 16:00:00,2025-03-27,Phishing,API Key Abuse,Low,62756.0,Tech Enterprise,Africa,BR,Cloud Database,Morning,37.3
INC-2025-0851,2025-06-20 12:00:00,2025-06-20,DDoS Attack,Man-in-the-Middle,Low,19677.0,Critical Infrastructure,Latin America,DE,Web Application,Evening,42.6
INC-2025-0852,2025-03-10 04:00:00,2025-03-10,Credential Theft,Brute Force,High,24159.0,Financial Service,Africa,NL,Email Gateway,Morning,72.7
INC-2025-0853,2025-10-20 14:00:00,2025-10-20,Phishing,Social Engineering,Medium,114551.0,Tech Enterprise,Africa,JP,POS Terminal,Afternoon,25.3
INC-2025-0854,2025-06-06 04:00:00,2025-06-06,Credential Theft,Zero-day Exploit,Critical,114920.0,E-Commerce,North America,IN,POS Terminal,Evening,72.9
INC-2025-0855,2025-01-30 06:00:00,2025-01-30,Credential Theft,Brute Force,High,131812.0,Critical Infrastructure,Africa,JP,Cloud Database,Morning,53.4
INC-2025-0856,2025-10-19 10:00:00,2025-10-19,Phishing,Spear Phishing Email,Low,103658.0,Tech Enterprise,North America,NL,POS Terminal,Evening,27.0
INC-2025-0857,2025-03-18 00:00:00,2025-03-18,Financial Fraud,Man-in-the-Middle,Medium,162779.0,Tech Enterprise,Latin America,RU,Email Gateway,Night,62.1
INC-2025-0858,2025-07-25 22:00:00,2025-07-25,Credential Theft,API Key Abuse,High,128980.0,Critical Infrastructure,Africa,UK,Identity Provider,Night,73.4
INC-2025-0859,2025-12-31 12:00:00,2025-12-31,Phishing,API Key Abuse,Low,24769.0,Financial Service,Africa,CN,Email Gateway,Night,33.1
INC-2025-0860,2025-07-07 07:00:00,2025-07-07,Credential Theft,Spear Phishing Email,Critical,125938.0,,Latin America,JP,Cloud Database,Afternoon,56.0
INC-2025-0861,2025-03-31 18:00:00,2025-03-31,Ransomware,API Key Abuse,High,332068.0,Critical Infrastructure,Middle East,JP,Identity Provider,Evening,56.2
INC-2025-0862,2025-10-08 19:00:00,2025-10-08,Ransomware,Man-in-the-Middle,High,805137.0,Critical Infrastructure,Middle East,CN,Identity Provider,Morning,68.5
INC-2025-0863,2025-09-12 05:00:00,2025-09-12,Phishing,SQL Injection,Medium,62160.0,Educational Institution,North America,CN,Email Gateway,Afternoon,47.3
INC-2025-0864,2025-04-29 10:00:00,2025-04-29,Phishing,API Key Abuse,Low,100596.0,Critical Infrastructure,Middle East,NL,Cloud Database,Afternoon,22.4
INC-2025-0865,2025-10-30 22:00:00,2025-10-30,Ransomware,API Key Abuse,Critical,404060.0,Financial Service,Middle East,DE,Identity Provider,Evening,93.0
INC-2025-0866,2025-06-12 12:00:00,2025-06-12,Phishing,Brute Force,Medium,115605.0,,Europe,CN,Email Gateway,Night,35.5
INC-2025-0867,2025-01-07 13:00:00,2025-01-07,Ransomware,SQL Injection,Low,780151.0,E-Commerce,Middle East,DE,Cloud Database,Evening,51.1
INC-2025-0868,2025-01-03 19:00:00,2025-01-03,Credential Theft,SQL Injection,Critical,286833.0,Financial Service,Asia-Pacific,UK,Email Gateway,Evening,60.4
INC-2025-0869,2025-01-24 04:00:00,2025-01-24,DDoS Attack,API Key Abuse,Medium,25478.0,Critical Infrastructure,Asia-Pacific,RU,Identity Provider,Morning,45.9
INC-2025-0870,2025-02-25 04:00:00,2025-02-25,Credential Theft,Brute Force,Low,132192.0,Government,Latin America,CN,Cloud Database,Evening,41.7
INC-2025-0871,2025-08-14 06:00:00,2025-08-14,Malware Outbreak,Brute Force,Medium,89593.0,Government,Africa,RU,POS Terminal,Morning,41.9
INC-2025-0872,2025-03-25 17:00:00,2025-03-25,Credential Theft,SQL Injection,Low,132135.0,Tech Enterprise,Latin America,UK,Email Gateway,Morning,61.1
INC-2025-0873,2025-03-03 16:00:00,2025-03-03,Phishing,Spear Phishing Email,Low,118845.0,Government,Europe,RU,POS Terminal,Afternoon,5.0
INC-2025-0874,2025-05-24 17:00:00,2025-05-24,DDoS Attack,Social Engineering,High,44218.0,Tech Enterprise,Middle East,BR,Cloud Database,Afternoon,53.0
INC-2025-0875,2025-06-14 01:00:00,2025-06-14,DDoS Attack,API Key Abuse,High,213106.0,Financial Service,Asia-Pacific,IN,Identity Provider,Evening,36.3
INC-2025-0876,2025-05-14 11:00:00,2025-05-14,Phishing,Social Engineering,Medium,97952.0,Healthcare,Europe,CN,Active Directory,Evening,57.1
INC-2025-0877,2025-05-15 08:00:00,2025-05-15,Ransomware,Zero-day Exploit,Critical,101690.0,Tech Enterprise,Africa,CN,Active Directory,Afternoon,80.4
INC-2025-0878,2025-01-17 23:00:00,2025-01-17,DDoS Attack,SQL Injection,Medium,336146.0,Critical Infrastructure,Asia-Pacific,UK,POS Terminal,Night,11.2
INC-2025-0879,2025-11-14 15:00:00,2025-11-14,Ransomware,Zero-day Exploit,High,87743.0,Government,Latin America,UK,POS Terminal,Night,56.8
INC-2025-0880,2025-01-21 19:00:00,2025-01-21,Malware Outbreak,Ransomware Binary,Medium,23414.0,Government,Europe,US,POS Terminal,Evening,46.9
INC-2025-0881,2025-12-15 23:00:00,2025-12-15,Ransomware,Social Engineering,High,689218.0,Critical Infrastructure,Asia-Pacific,JP,Email Gateway,Evening,78.4
INC-2025-0882,2025-04-06 08:00:00,2025-04-06,Credential Theft,Spear Phishing Email,High,91576.0,E-Commerce,Europe,IN,Web Application,Evening,56.0
INC-2025-0883,2025-12-17 21:00:00,2025-12-17,DDoS Attack,Ransomware Binary,High,158995.0,Government,Middle East,JP,Cloud Database,Night,74.9
INC-2025-0884,2025-03-20 05:00:00,2025-03-20,Financial Fraud,Social Engineering,Medium,30595.0,Financial Service,Asia-Pacific,UK,Identity Provider,Afternoon,28.3
INC-2025-0885,2025-08-24 12:00:00,2025-08-24,Malware Outbreak,Spear Phishing Email,Low,100767.0,Tech Enterprise,Asia-Pacific,CN,Active Directory,Evening,56.2
INC-2025-0886,2025-05-11 05:00:00,2025-05-11,Phishing,API Key Abuse,Medium,108045.0,Tech Enterprise,Europe,IN,Email Gateway,Evening,46.6
INC-2025-0887,2025-09-01 06:00:00,2025-09-01,Phishing,API Key Abuse,Medium,63999.0,E-Commerce,Middle East,CA,POS Terminal,Afternoon,70.9
INC-2025-0888,2025-09-16 10:00:00,2025-09-16,Phishing,Ransomware Binary,Medium,72325.0,Tech Enterprise,Middle East,US,Cloud Database,Morning,23.5
INC-2025-0889,2025-05-07 04:00:00,2025-05-07,Insider Threat,Zero-day Exploit,High,215301.0,Critical Infrastructure,Europe,RU,Web Application,Afternoon,75.0
INC-2025-0890,2025-05-29 11:00:00,2025-05-29,DDoS Attack,API Key Abuse,High,143709.0,Government,Europe,CN,Cloud Database,Afternoon,49.7
INC-2025-0891,2025-09-06 17:00:00,2025-09-06,Ransomware,Man-in-the-Middle,High,714406.0,Healthcare,Asia-Pacific,US,Identity Provider,Night,69.6
INC-2025-0892,2025-01-02 23:00:00,2025-01-02,Credential Theft,Man-in-the-Middle,Low,148635.0,Tech Enterprise,Asia-Pacific,CN,Cloud Database,Afternoon,26.7
INC-2025-0893,2025-05-08 22:00:00,2025-05-08,Credential Theft,Social Engineering,Medium,141427.0,Educational Institution,Europe,DE,Identity Provider,Afternoon,49.2
INC-2025-0894,2025-12-27 19:00:00,2025-12-27,Phishing,Man-in-the-Middle,High,56324.0,Government,Africa,CN,Web Application,Night,55.7
INC-2025-0895,2025-12-30 17:00:00,2025-12-30,Phishing,Man-in-the-Middle,High,7026.0,Financial Service,Middle East,RU,Identity Provider,Night,83.6
INC-2025-0896,2025-05-25 00:00:00,2025-05-25,Financial Fraud,Zero-day Exploit,Medium,100494.0,Healthcare,Europe,CA,POS Terminal,Night,27.3
INC-2025-0897,2025-07-12 07:00:00,2025-07-12,Insider Threat,Social Engineering,Critical,776050.0,Government,North America,NL,Active Directory,Evening,57.4
INC-2025-0898,2025-03-27 06:00:00,2025-03-27,Financial Fraud,Spear Phishing Email,Medium,320524.0,Tech Enterprise,Latin America,BR,Active Directory,Afternoon,61.1
INC-2025-0899,2025-09-20 16:00:00,2025-09-20,Ransomware,Social Engineering,Critical,398737.0,Tech Enterprise,Europe,CN,Cloud Database,Afternoon,57.3
INC-2025-0900,2025-07-05 01:00:00,2025-07-05,Phishing,API Key Abuse,High,86973.0,Critical Infrastructure,Europe,CA,Web Application,Morning,73.5
INC-2025-0901,2025-10-19 08:00:00,2025-10-19,Ransomware,Spear Phishing Email,Critical,186817.0,Financial Service,Africa,CA,Active Directory,Afternoon,81.8
INC-2025-0902,2025-11-27 23:00:00,2025-11-27,Financial Fraud,Man-in-the-Middle,Medium,22669.0,E-Commerce,Asia-Pacific,BR,Identity Provider,Morning,54.1
INC-2025-0903,2025-09-07 11:00:00,2025-09-07,Insider Threat,API Key Abuse,High,332346.0,Critical Infrastructure,Latin America,IN,Identity Provider,Evening,57.3
INC-2025-0904,2025-11-02 13:00:00,2025-11-02,Credential Theft,SQL Injection,High,116860.0,Healthcare,Africa,CA,Cloud Database,Afternoon,63.1
INC-2025-0905,2025-11-06 15:00:00,2025-11-06,Credential Theft,Brute Force,High,76240.0,Government,North America,BR,Cloud Database,Evening,78.2
INC-2025-0906,2025-03-02 03:00:00,2025-03-02,Phishing,Social Engineering,Low,89952.0,Government,Europe,NL,Active Directory,Afternoon,13.5
INC-2025-0907,2025-12-08 04:00:00,2025-12-08,Credential Theft,Ransomware Binary,Medium,280455.0,E-Commerce,Africa,CA,Identity Provider,Morning,49.1
INC-2025-0908,2025-04-23 04:00:00,2025-04-23,Insider Threat,Brute Force,Low,547981.0,Healthcare,Africa,JP,POS Terminal,Evening,11.9
INC-2025-0909,2025-05-12 07:00:00,2025-05-12,Ransomware,Brute Force,High,356172.0,Healthcare,Latin America,UK,POS Terminal,Afternoon,64.9
INC-2025-0910,2025-04-05 16:00:00,2025-04-05,Financial Fraud,Social Engineering,Medium,323936.0,Financial Service,North America,IN,Email Gateway,Evening,63.2
INC-2025-0911,2025-10-09 07:00:00,2025-10-09,Financial Fraud,Ransomware Binary,Medium,307865.0,Financial Service,Africa,US,Cloud Database,Evening,46.0
INC-2025-0912,2025-07-11 10:00:00,2025-07-11,Phishing,Man-in-the-Middle,Low,58014.0,Government,Middle East,DE,Identity Provider,Night,17.0
INC-2025-0913,2025-05-02 09:00:00,2025-05-02,Data Exfiltration,Man-in-the-Middle,High,438348.0,Healthcare,North America,UK,Web Application,Morning,54.4
INC-2025-0914,2025-02-04 00:00:00,2025-02-04,DDoS Attack,Man-in-the-Middle,Low,26381.0,Healthcare,Middle East,CA,Web Application,Afternoon,40.4
INC-2025-0915,2025-02-03 06:00:00,2025-02-03,Ransomware,Man-in-the-Middle,Critical,306216.0,E-Commerce,Middle East,US,Active Directory,Afternoon,60.1
INC-2025-0916,2025-10-25 21:00:00,2025-10-25,Credential Theft,Zero-day Exploit,Critical,185116.0,Healthcare,Middle East,RU,Cloud Database,Afternoon,59.9
INC-2025-0917,2025-06-29 14:00:00,2025-06-29,Credential Theft,Zero-day Exploit,Critical,206466.0,E-Commerce,Middle East,DE,POS Terminal,Afternoon,69.2
INC-2025-0918,2025-03-22 17:00:00,2025-03-22,Financial Fraud,SQL Injection,Low,284778.0,Healthcare,Europe,UK,Web Application,Evening,5.7
INC-2025-0919,2025-06-29 22:00:00,2025-06-29,Phishing,Social Engineering,Low,26378.0,Financial Service,North America,JP,Web Application,Night,51.0
INC-2025-0920,2025-04-18 18:00:00,2025-04-18,Credential Theft,Brute Force,High,64567.0,,Europe,IN,Active Directory,Night,61.1
INC-2025-0921,2025-05-02 13:00:00,2025-05-02,Credential Theft,Spear Phishing Email,High,297021.0,E-Commerce,North America,BR,Identity Provider,Evening,48.3
INC-2025-0922,2025-09-22 06:00:00,2025-09-22,Phishing,Spear Phishing Email,Medium,81224.0,Government,Africa,CN,POS Terminal,Evening,34.8
INC-2025-0923,2025-09-12 20:00:00,2025-09-12,Phishing,Social Engineering,Low,74228.0,Government,Middle East,JP,Email Gateway,Afternoon,43.7
INC-2025-0924,2025-07-09 21:00:00,2025-07-09,Phishing,Social Engineering,High,9328.0,Tech Enterprise,Middle East,US,Active Directory,Afternoon,71.9
INC-2025-0925,2025-07-14 22:00:00,2025-07-14,Phishing,Brute Force,High,98906.0,E-Commerce,Europe,CN,POS Terminal,Afternoon,38.7
INC-2025-0926,2025-02-27 11:00:00,2025-02-27,Malware Outbreak,Brute Force,High,38338.0,Tech Enterprise,Asia-Pacific,BR,Cloud Database,Afternoon,62.3
INC-2025-0927,2025-12-05 20:00:00,2025-12-05,Ransomware,Spear Phishing Email,High,305069.0,Educational Institution,Africa,UK,Web Application,Afternoon,63.4
INC-2025-0928,2025-09-17 07:00:00,2025-09-17,Phishing,Zero-day Exploit,High,103910.0,Government,North America,CN,Web Application,Morning,81.7
INC-2025-0929,2025-09-04 20:00:00,2025-09-04,Credential Theft,Man-in-the-Middle,High,286039.0,Healthcare,Latin America,DE,Email Gateway,Night,74.3
INC-2025-0930,2025-05-08 05:00:00,2025-05-08,Phishing,Spear Phishing Email,Medium,77555.0,Government,Asia-Pacific,NL,Web Application,Morning,40.8
INC-2025-0931,2025-03-21 05:00:00,2025-03-21,Phishing,Spear Phishing Email,Critical,47103.0,Critical Infrastructure,Africa,NL,Active Directory,Morning,86.9
INC-2025-0932,2025-10-13 14:00:00,2025-10-13,DDoS Attack,Ransomware Binary,Low,99515.0,Healthcare,Asia-Pacific,CN,Email Gateway,Afternoon,48.5
INC-2025-0933,2025-03-13 18:00:00,2025-03-13,Phishing,Brute Force,Medium,85390.0,Government,Latin America,US,Email Gateway,Evening,15.7
INC-2025-0934,2025-12-30 18:00:00,2025-12-30,Credential Theft,SQL Injection,High,329888.0,Educational Institution,Middle East,UK,POS Terminal,Evening,65.9
INC-2025-0935,2025-12-24 07:00:00,2025-12-24,Insider Threat,Spear Phishing Email,Medium,156147.0,Tech Enterprise,Middle East,DE,Email Gateway,Afternoon,51.9
INC-2025-0936,2025-06-06 19:00:00,2025-06-06,Financial Fraud,Social Engineering,Medium,69230.0,Educational Institution,Middle East,DE,Identity Provider,Evening,32.6
INC-2025-0937,2025-10-27 14:00:00,2025-10-27,Phishing,Brute Force,Medium,116442.0,Healthcare,Latin America,JP,POS Terminal,Night,46.0
INC-2025-0938,2025-04-06 14:00:00,2025-04-06,Insider Threat,Man-in-the-Middle,High,164427.0,Educational Institution,Asia-Pacific,CA,Active Directory,Night,76.5
INC-2025-0939,2025-09-14 12:00:00,2025-09-14,Phishing,Social Engineering,Low,72887.0,Financial Service,Latin America,RU,Active Directory,Night,40.7
INC-2025-0940,2025-10-10 20:00:00,2025-10-10,Insider Threat,SQL Injection,High,217229.0,E-Commerce,North America,NL,Identity Provider,Morning,45.3
INC-2025-0941,2025-06-25 13:00:00,2025-06-25,DDoS Attack,Spear Phishing Email,High,131599.0,Tech Enterprise,North America,RU,Web Application,Morning,52.9
INC-2025-0942,2025-03-29 00:00:00,2025-03-29,Malware Outbreak,API Key Abuse,Medium,95626.0,E-Commerce,Middle East,JP,Cloud Database,Afternoon,20.9
INC-2025-0943,2025-08-19 14:00:00,2025-08-19,Financial Fraud,Brute Force,Critical,66748.0,Critical Infrastructure,Latin America,JP,POS Terminal,Morning,54.2
INC-2025-0944,2025-10-30 21:00:00,2025-10-30,DDoS Attack,Ransomware Binary,High,40814.0,E-Commerce,Middle East,NL,Active Directory,Morning,51.1
INC-2025-0945,2025-03-17 03:00:00,2025-03-17,Phishing,Social Engineering,Low,90572.0,E-Commerce,Middle East,US,Active Directory,Afternoon,30.3
INC-2025-0946,2025-09-16 11:00:00,2025-09-16,Data Exfiltration,Social Engineering,Medium,289040.0,Government,Africa,CA,Email Gateway,Morning,39.0
INC-2025-0947,2025-05-05 16:00:00,2025-05-05,DDoS Attack,Ransomware Binary,Low,240067.0,Tech Enterprise,Europe,IN,Web Application,Night,42.8
INC-2025-0948,2025-01-15 04:00:00,2025-01-15,Ransomware,Spear Phishing Email,High,391090.0,E-Commerce,Asia-Pacific,IN,Web Application,Morning,48.8
INC-2025-0949,2025-01-04 20:00:00,2025-01-04,Credential Theft,Zero-day Exploit,Medium,67471.0,Tech Enterprise,Middle East,RU,Cloud Database,Evening,51.1
INC-2025-0950,2025-11-13 13:00:00,2025-11-13,Financial Fraud,Spear Phishing Email,Low,36323.0,Critical Infrastructure,Middle East,BR,Identity Provider,Night,56.4
INC-2025-0951,2025-03-29 10:00:00,2025-03-29,DDoS Attack,SQL Injection,High,271013.0,Critical Infrastructure,Africa,IN,Active Directory,Morning,39.4
INC-2025-0952,2025-02-18 20:00:00,2025-02-18,Phishing,API Key Abuse,Critical,75090.0,Tech Enterprise,Africa,CA,Active Directory,Night,79.7
INC-2025-0953,2025-04-03 08:00:00,2025-04-03,Phishing,API Key Abuse,Low,14782.0,Government,Asia-Pacific,IN,Web Application,Afternoon,47.2
INC-2025-0954,2025-12-02 08:00:00,2025-12-02,Credential Theft,Social Engineering,Medium,28259.0,Educational Institution,Africa,BR,Identity Provider,Afternoon,40.0
INC-2025-0955,2025-12-04 11:00:00,2025-12-04,Financial Fraud,Social Engineering,Medium,290428.0,Healthcare,Europe,RU,POS Terminal,Morning,27.4
INC-2025-0956,2025-11-07 22:00:00,2025-11-07,Phishing,API Key Abuse,Medium,76838.0,Healthcare,North America,NL,Web Application,Evening,32.3
INC-2025-0957,2025-12-10 12:00:00,2025-12-10,DDoS Attack,Brute Force,Low,254091.0,E-Commerce,North America,NL,Cloud Database,Afternoon,39.5
INC-2025-0958,2025-10-09 22:00:00,2025-10-09,Credential Theft,API Key Abuse,Medium,184614.0,Educational Institution,Europe,JP,Active Directory,Morning,60.0
INC-2025-0959,2025-11-26 19:00:00,2025-11-26,Credential Theft,API Key Abuse,Low,9791.0,E-Commerce,North America,CN,Identity Provider,Evening,13.1
INC-2025-0960,2025-01-27 14:00:00,2025-01-27,Phishing,Man-in-the-Middle,Critical,109953.0,Educational Institution,Middle East,US,Active Directory,Evening,48.3
INC-2025-0961,2025-03-01 01:00:00,2025-03-01,DDoS Attack,Brute Force,High,73147.0,Healthcare,Asia-Pacific,UK,Identity Provider,Afternoon,56.4
INC-2025-0962,2025-10-18 10:00:00,2025-10-18,Malware Outbreak,Ransomware Binary,Medium,37845.0,Government,Asia-Pacific,CA,POS Terminal,Evening,51.7
INC-2025-0963,2025-08-12 04:00:00,2025-08-12,Malware Outbreak,Zero-day Exploit,High,63796.0,Financial Service,Europe,JP,Web Application,Night,96.6
INC-2025-0964,2025-02-13 18:00:00,2025-02-13,Phishing,SQL Injection,Medium,101500.0,Healthcare,Latin America,CN,Identity Provider,Morning,62.5
INC-2025-0965,2025-05-24 09:00:00,2025-05-24,Credential Theft,Man-in-the-Middle,Critical,114017.0,Educational Institution,Asia-Pacific,DE,Active Directory,Evening,62.4
INC-2025-0966,2025-09-28 22:00:00,2025-09-28,Credential Theft,Zero-day Exploit,Low,305572.0,Tech Enterprise,Europe,RU,Active Directory,Afternoon,50.0
INC-2025-0967,2025-05-15 22:00:00,2025-05-15,Phishing,SQL Injection,Medium,88618.0,Critical Infrastructure,North America,RU,Web Application,Evening,22.0
INC-2025-0968,2025-11-02 18:00:00,2025-11-02,Phishing,Social Engineering,Critical,94103.0,Critical Infrastructure,Africa,UK,Web Application,Evening,58.7
INC-2025-0969,2025-05-10 09:00:00,2025-05-10,Phishing,SQL Injection,Low,99656.0,Financial Service,Europe,UK,Email Gateway,Morning,18.2
INC-2025-0970,2025-07-11 14:00:00,2025-07-11,DDoS Attack,SQL Injection,Medium,137698.0,Educational Institution,Africa,JP,Web Application,Afternoon,5.0
INC-2025-0971,2025-08-15 09:00:00,2025-08-15,Credential Theft,Zero-day Exploit,High,340988.0,Critical Infrastructure,North America,RU,Cloud Database,Morning,82.3
INC-2025-0972,2025-01-13 07:00:00,2025-01-13,Phishing,Man-in-the-Middle,Medium,116594.0,Healthcare,Latin America,JP,Cloud Database,Evening,50.8
INC-2025-0973,2025-04-21 02:00:00,2025-04-21,Credential Theft,Zero-day Exploit,Low,243292.0,Healthcare,Middle East,RU,Active Directory,Night,11.0
INC-2025-0974,2025-09-06 14:00:00,2025-09-06,DDoS Attack,SQL Injection,Low,165322.0,Government,Europe,DE,Email Gateway,Morning,6.4
INC-2025-0975,2025-04-12 23:00:00,2025-04-12,Phishing,Brute Force,Medium,64042.0,Tech Enterprise,Africa,DE,Email Gateway,Night,27.0
INC-2025-0976,2025-09-14 04:00:00,2025-09-14,Ransomware,SQL Injection,Medium,712165.0,E-Commerce,Middle East,NL,Cloud Database,Evening,58.4
INC-2025-0977,2025-07-11 22:00:00,2025-07-11,Ransomware,API Key Abuse,High,195931.0,E-Commerce,North America,JP,Email Gateway,Night,50.0
INC-2025-0978,2025-02-22 12:00:00,2025-02-22,Ransomware,Ransomware Binary,Critical,148841.0,E-Commerce,Asia-Pacific,JP,Web Application,Afternoon,84.1
INC-2025-0979,2025-01-16 16:00:00,2025-01-16,Insider Threat,Social Engineering,Medium,308308.0,Critical Infrastructure,Latin America,JP,Identity Provider,Night,69.9
INC-2025-0980,2025-07-30 11:00:00,2025-07-30,Credential Theft,Spear Phishing Email,Low,184420.0,Educational Institution,Latin America,IN,Identity Provider,Afternoon,37.5
INC-2025-0981,2025-05-13 08:00:00,2025-05-13,DDoS Attack,Man-in-the-Middle,Medium,195477.0,Government,Africa,US,Cloud Database,Night,28.6
INC-2025-0982,2025-08-28 02:00:00,2025-08-28,Phishing,API Key Abuse,Medium,116871.0,Tech Enterprise,Middle East,JP,Email Gateway,Afternoon,15.5
INC-2025-0983,2025-11-26 15:00:00,2025-11-26,Phishing,Man-in-the-Middle,High,16141.0,Educational Institution,North America,DE,POS Terminal,Night,45.0
INC-2025-0984,2025-04-13 22:00:00,2025-04-13,DDoS Attack,Ransomware Binary,Medium,48372.0,E-Commerce,Middle East,JP,Email Gateway,Morning,52.6
INC-2025-0985,2025-05-05 01:00:00,2025-05-05,Phishing,SQL Injection,Low,45387.0,Financial Service,Middle East,CA,Web Application,Morning,37.9
INC-2025-0986,2025-02-15 07:00:00,2025-02-15,Credential Theft,API Key Abuse,Low,115507.0,Tech Enterprise,Middle East,RU,Active Directory,Afternoon,43.1
INC-2025-0987,2025-02-15 21:00:00,2025-02-15,DDoS Attack,API Key Abuse,Medium,206447.0,E-Commerce,Asia-Pacific,IN,Identity Provider,Evening,43.3
INC-2025-0988,2025-11-27 10:00:00,2025-11-27,Insider Threat,SQL Injection,Critical,301366.0,Government,Europe,US,Web Application,Afternoon,77.1
INC-2025-0989,2025-02-13 23:00:00,2025-02-13,Malware Outbreak,Spear Phishing Email,Medium,35831.0,Tech Enterprise,Latin America,JP,Active Directory,Afternoon,49.2
INC-2025-0990,2025-01-09 08:00:00,2025-01-09,Financial Fraud,API Key Abuse,High,248942.0,Educational Institution,North America,IN,Web Application,Evening,81.1
INC-2025-0991,2025-03-25 17:00:00,2025-03-25,Ransomware,Zero-day Exploit,Critical,68170.0,Educational Institution,Middle East,JP,Active Directory,Morning,89.1
INC-2025-0992,2025-09-27 05:00:00,2025-09-27,Phishing,Zero-day Exploit,High,77215.0,Healthcare,Africa,US,Cloud Database,Morning,85.3
INC-2025-0993,2025-08-28 04:00:00,2025-08-28,Financial Fraud,Spear Phishing Email,High,47923.0,Government,North America,CA,Email Gateway,Afternoon,65.5
INC-2025-0994,2025-05-21 03:00:00,2025-05-21,Financial Fraud,Ransomware Binary,Critical,187155.0,Tech Enterprise,Europe,UK,Email Gateway,Night,97.6
INC-2025-0995,2025-01-08 07:00:00,2025-01-08,Phishing,SQL Injection,Low,45732.0,Critical Infrastructure,Latin America,NL,POS Terminal,Afternoon,54.7
INC-2025-0996,2025-03-27 04:00:00,2025-03-27,Malware Outbreak,Man-in-the-Middle,Low,10394.0,Tech Enterprise,Middle East,CA,Active Directory,Morning,24.7
INC-2025-0997,2025-09-20 05:00:00,2025-09-20,Ransomware,Social Engineering,Medium,773809.0,Healthcare,Africa,DE,Identity Provider,Afternoon,15.9
INC-2025-0998,2025-07-20 10:00:00,2025-07-20,Financial Fraud,SQL Injection,Low,160002.0,Healthcare,Middle East,NL,Cloud Database,Morning,17.7
INC-2025-0999,2025-05-30 10:00:00,2025-05-30,Financial Fraud,Spear Phishing Email,High,221741.0,Tech Enterprise,North America,UK,Email Gateway,Morning,93.8
INC-2025-1000,2025-03-18 06:00:00,2025-03-18,Credential Theft,Spear Phishing Email,High,60547.0,Critical Infrastructure,Middle East,NL,Cloud Database,Night,73.0
INC-2025-0655,2025-07-05 05:00:00,2025-07-05,Insider Threat,SQL Injection,Medium,346694.0,Healthcare,Latin America,RU,Email Gateway,Afternoon,32.9
INC-2025-0115,2025-04-13 16:00:00,2025-04-13,Malware Outbreak,Zero-day Exploit,High,52571.0,Critical Infrastructure,Latin America,CN,POS Terminal,Morning,45.9
INC-2025-0026,2025-02-20 21:00:00,2025-02-20,Ransomware,Ransomware Binary,Critical,184508.0,Government,Asia-Pacific,CN,Web Application,Afternoon,93.5
INC-2025-0760,2025-10-05 05:00:00,2025-10-05,Credential Theft,Zero-day Exploit,Critical,315109.0,Healthcare,Europe,CN,Identity Provider,Night,55.0
INC-2025-0282,2025-10-25 20:00:00,2025-10-25,Malware Outbreak,Ransomware Binary,High,119325.0,Critical Infrastructure,Europe,NL,POS Terminal,Night,20.9
INC-2025-0251,2025-07-15 03:00:00,2025-07-15,Phishing,Spear Phishing Email,Low,99344.0,Tech Enterprise,Middle East,US,Email Gateway,Night,17.0
INC-2025-0229,2025-03-27 16:00:00,2025-03-27,Financial Fraud,Zero-day Exploit,Medium,322862.0,Educational Institution,Europe,US,Identity Provider,Morning,22.6
INC-2025-0143,2025-08-13 00:00:00,2025-08-13,Insider Threat,Zero-day Exploit,High,623441.0,Tech Enterprise,Europe,UK,Identity Provider,Afternoon,57.9
INC-2025-0755,2025-09-14 06:00:00,2025-09-14,Ransomware,Zero-day Exploit,Medium,199457.0,Critical Infrastructure,Middle East,BR,Identity Provider,Evening,67.4
INC-2025-0105,2025-11-22 17:00:00,2025-11-22,Malware Outbreak,Zero-day Exploit,Low,82994.0,Financial Service,Africa,CN,Cloud Database,Morning,55.2
INC-2025-0693,2025-05-12 09:00:00,2025-05-12,Phishing,Ransomware Binary,Low,5581.0,Tech Enterprise,Africa,DE,POS Terminal,Night,27.2
INC-2025-0759,2025-05-10 04:00:00,2025-05-10,Phishing,Spear Phishing Email,Medium,46615.0,Healthcare,North America,RU,Cloud Database,Afternoon,35.8
INC-2025-0914,2025-02-04 00:00:00,2025-02-04,DDoS Attack,Man-in-the-Middle,Low,26381.0,Healthcare,Middle East,CA,Web Application,Afternoon,40.4
INC-2025-0559,2025-09-23 11:00:00,2025-09-23,Insider Threat,API Key Abuse,Critical,79709.0,Financial Service,North America,RU,Email Gateway,Evening,84.7
INC-2025-0090,2025-02-20 13:00:00,2025-02-20,DDoS Attack,Spear Phishing Email,High,114945.0,Financial Service,Africa,IN,Cloud Database,Afternoon,75.9
INC-2025-0605,2025-02-20 02:00:00,2025-02-20,Ransomware,Brute Force,Medium,832409.0,Financial Service,Middle East,JP,Identity Provider,Night,34.6
INC-2025-0433,2025-05-05 15:00:00,2025-05-05,Malware Outbreak,Man-in-the-Middle,Medium,37966.0,Healthcare,Europe,DE,Web Application,Morning,57.0
INC-2025-0033,2025-04-11 00:00:00,2025-04-11,Phishing,API Key Abuse,Medium,69027.0,Critical Infrastructure,Middle East,IN,Active Directory,Afternoon,26.9
INC-2025-0031,2025-11-09 03:00:00,2025-11-09,Ransomware,Man-in-the-Middle,Critical,530761.0,Educational Institution,Africa,RU,Active Directory,Afternoon,73.6
INC-2025-0096,2025-10-13 15:00:00,2025-10-13,Phishing,Social Engineering,Medium,43460.0,Government,Europe,US,Email Gateway,Evening,37.2
INC-2025-0224,2025-03-11 11:00:00,2025-03-11,Ransomware,API Key Abuse,High,476188.0,Financial Service,Middle East,BR,POS Terminal,Night,52.6
INC-2025-0239,2025-10-10 04:00:00,2025-10-10,Malware Outbreak,API Key Abuse,Medium,21095.0,Financial Service,Latin America,CN,Identity Provider,Afternoon,52.8
INC-2025-0518,2025-08-18 06:00:00,2025-08-18,Phishing,Man-in-the-Middle,High,51906.0,Critical Infrastructure,North America,CA,Web Application,Morning,67.7
INC-2025-0617,2025-02-17 18:00:00,2025-02-17,Financial Fraud,Social Engineering,High,109601.0,E-Commerce,Europe,RU,Active Directory,Afternoon,51.5
INC-2025-0055,2025-01-14 14:00:00,2025-01-14,Data Exfiltration,Zero-day Exploit,Medium,102528.0,Educational Institution,Asia-Pacific,IN,Cloud Database,Evening,67.3
